0,1,-0.8828125
1,2,-0.7734375
2,3,-0.9921875
3,4,0.9375
4,5,0.484375
5,6,-0.328125
6,7,0.4296875
7,8,0.34375
8,9,0.6171875
9,10,0.328125
10,11,0.671875
11,12,-0.15625
12,13,-0.171875
13,14,-0.5078125
14,15,0.6015625
15,16,-0.9453125
16,17,-0.2265625
17,18,-0.6171875
18,19,0.2265625
19,20,-0.703125
20,21,0.1171875
21,22,0.0625
22,23,0.8671875
23,24,0.8515625
24,25,-0.1015625
25,26,0.59375
26,27,-0.1875
27,28,-0.625
28,29,-0.078125
29,30,0.0859375
0,31,0.921875
30,31,0.0703125
0,32,-0.203125
1,33,-0.5
32,33,-0.515625
2,34,0.6328125
33,34,-0.5234375
3,35,0.71875
34,35,-0.2578125
4,36,0.640625
35,36,0.4296875
5,37,-0.4375
36,37,0.6171875
6,38,0.109375
37,38,0.9140625
7,39,0.6015625
38,39,0.9296875
8,40,-0.265625
39,40,0.03125
9,41,0.5625
40,41,-0.828125
10,42,0.6484375
41,42,-0.4140625
11,43,0.1953125
42,43,-0.3125
12,44,0.859375
43,44,-0.1015625
13,45,0.7265625
44,45,-0.4765625
14,46,-0.3828125
45,46,-0.28125
15,47,-0.984375
46,47,0.1171875
16,48,-0.2578125
47,48,0.2421875
17,49,0.359375
48,49,-0.109375
18,50,-0.8515625
49,50,0.328125
19,51,0.984375
50,51,-0.890625
20,52,-0.0390625
51,52,0.9921875
21,53,0.2734375
52,53,-0.46875
22,54,-0.1015625
53,54,0.9921875
23,55,-0.015625
54,55,0.2421875
24,56,0.5859375
55,56,-0.3203125
25,57,0.296875
56,57,0.9765625
26,58,-0.921875
57,58,-0.9453125
27,59,-0.8125
58,59,-0.4453125
28,60,-0.6640625
59,60,-0.0078125
29,61,0.640625
60,61,0.359375
30,62,0.71875
61,62,-0.921875
31,63,-0.1953125
32,63,-0.59375
62,63,0.390625
32,64,-0.9453125
33,65,-0.140625
64,65,-0.5
34,66,0.53125
65,66,-0.1484375
35,67,0.5546875
66,67,-0.3125
36,68,-0.34375
67,68,0.5859375
37,69,0.8984375
68,69,0.4140625
38,70,-0.8984375
69,70,0.1953125
39,71,-0.5078125
70,71,-0.3203125
40,72,0.984375
71,72,0.921875
41,73,0.625
72,73,-0.6640625
42,74,0.7578125
73,74,-0.234375
43,75,0.1875
74,75,0.21875
44,76,-0.21875
75,76,0.78125
45,77,0.5546875
76,77,-0.171875
46,78,0.703125
77,78,0.09375
47,79,0.84375
78,79,-0.984375
48,80,-0.0859375
79,80,0.5
49,81,-0.453125
80,81,0.0703125
50,82,0.21875
81,82,-0.0234375
51,83,0.3515625
82,83,0.8671875
52,84,-0.921875
83,84,0.078125
53,85,-0.1171875
84,85,0.5859375
54,86,0.0625
85,86,-0.8671875
55,87,-0.4375
86,87,0.6171875
56,88,0.625
87,88,-0.234375
57,89,-0.5078125
88,89,-0.84375
58,90,-0.3203125
89,90,0.7734375
59,91,-0.8828125
90,91,0.4609375
60,92,0.21875
91,92,0.703125
61,93,-0.9453125
92,93,0.296875
62,94,-0.75
93,94,0.3125
63,95,-0.046875
64,95,0.3671875
94,95,-0.84375
64,96,-0.421875
65,97,0.5625
96,97,0.9765625
66,98,-0.3984375
97,98,-0.84375
67,99,-0.78125
98,99,0.1796875
68,100,-0.46875
99,100,0.7578125
69,101,0.015625
100,101,-0.6875
70,102,-0.8828125
101,102,-0.984375
71,103,-0.03125
102,103,0.5859375
72,104,-0.0703125
103,104,-0.09375
73,105,-0.6875
104,105,0.1015625
74,106,-0.640625
105,106,0.8515625
75,107,0.5390625
106,107,-0.171875
76,108,0.5703125
107,108,0.6015625
77,109,0.8984375
108,109,0.34375
78,110,-0.2578125
109,110,0.578125
79,111,0.6171875
110,111,-0.609375
80,112,0.15625
111,112,0.7578125
81,113,-0.203125
112,113,0.2734375
82,114,0.921875
113,114,-0.1875
83,115,0.7109375
114,115,-0.21875
84,116,-0.3046875
115,116,-0.4921875
85,117,-0.46875
116,117,-0.46875
86,118,0.140625
117,118,0.6328125
87,119,0.34375
118,119,0.65625
88,120,0.1484375
119,120,0.5
89,121,-0.984375
120,121,-0.796875
90,122,0.3828125
121,122,-0.71875
91,123,-0.0859375
122,123,-0.296875
92,124,0.375
123,124,0.2109375
93,125,0.8671875
124,125,0.3828125
94,126,-0.2578125
125,126,0.0546875
95,127,-0.3515625
96,127,-0.9921875
126,127,-0.6953125
96,128,0.3203125
97,129,0.0703125
128,129,-0.2734375
98,130,-0.5390625
129,130,0.390625
99,131,-0.265625
130,131,-0.03125
100,132,-0.015625
131,132,-0.8984375
101,133,-0.75
132,133,-0.6484375
102,134,0.828125
133,134,-0.265625
103,135,0.9765625
134,135,0.9140625
104,136,0.59375
135,136,-0.0703125
105,137,-0.2734375
136,137,-0.671875
106,138,0.5703125
137,138,-0.171875
107,139,0.15625
138,139,0.4375
108,140,-0.7578125
139,140,0.3828125
109,141,0.6640625
140,141,-0.0703125
110,142,0.3984375
141,142,-0.1640625
111,143,0.6484375
142,143,0.125
112,144,-0.46875
143,144,-0.4375
113,145,-0.859375
144,145,-0.734375
114,146,0.5703125
145,146,-0.078125
115,147,0.3046875
146,147,-0.3203125
116,148,-0.3125
147,148,-0.0546875
117,149,0.2734375
148,149,0.8984375
118,150,0.9375
149,150,1.0
119,151,0.9296875
150,151,0.703125
120,152,0.25
151,152,-0.453125
121,153,-0.9140625
152,153,0.5546875
122,154,0.9296875
153,154,0.375
123,155,0.7890625
154,155,-0.7578125
124,156,-0.0390625
155,156,-0.5859375
125,157,-0.2265625
156,157,-0.296875
126,158,-0.109375
157,158,0.359375
127,159,-0.453125
128,159,0.3984375
158,159,-0.9296875
128,160,0.515625
129,161,-0.9765625
160,161,0.046875
130,162,0.7109375
161,162,0.015625
131,163,-0.671875
162,163,-0.4453125
132,164,0.9296875
163,164,-0.65625
133,165,-0.1640625
164,165,-0.1328125
134,166,0.8359375
165,166,-0.4140625
135,167,-0.140625
166,167,-0.46875
136,168,0.875
167,168,0.5625
137,169,-0.640625
168,169,-0.28125
138,170,-0.4921875
169,170,-0.234375
139,171,-0.0390625
170,171,-0.359375
140,172,0.5859375
171,172,-0.9296875
141,173,-0.8671875
172,173,0.53125
142,174,-0.3125
173,174,0.7890625
143,175,-0.28125
174,175,-0.71875
144,176,-0.171875
175,176,0.234375
145,177,-0.53125
176,177,-0.015625
146,178,-0.28125
177,178,-0.96875
147,179,-0.640625
178,179,0.9921875
148,180,0.0546875
179,180,0.375
149,181,0.9765625
180,181,0.3125
150,182,0.8203125
181,182,0.0390625
151,183,-0.890625
182,183,0.359375
152,184,0.4609375
183,184,0.8046875
153,185,0.515625
184,185,-0.59375
154,186,-0.3125
185,186,0.171875
155,187,0.7890625
186,187,0.453125
156,188,-0.5703125
187,188,0.9296875
157,189,0.046875
188,189,-0.9296875
158,190,0.296875
189,190,0.40625
159,191,0.71875
160,191,0.9609375
190,191,0.546875
160,192,0.734375
161,193,-0.9765625
192,193,-0.1953125
162,194,-0.3984375
193,194,-0.171875
163,195,0.984375
194,195,-0.71875
164,196,0.875
195,196,-0.2109375
165,197,-0.671875
196,197,0.78125
166,198,-0.6875
197,198,0.359375
167,199,0.0859375
198,199,0.59375
168,200,0.5078125
199,200,0.4921875
169,201,-0.390625
200,201,0.0390625
170,202,-0.6328125
201,202,-0.984375
171,203,0.921875
202,203,0.703125
172,204,-0.6875
203,204,0.6171875
173,205,0.34375
204,205,-0.8046875
174,206,-0.1015625
205,206,-0.2421875
175,207,-0.0390625
206,207,-0.6015625
176,208,-0.9609375
207,208,-0.3125
177,209,0.9296875
208,209,-0.0703125
178,210,0.2734375
209,210,0.671875
179,211,-0.0390625
210,211,0.8515625
180,212,-0.8515625
211,212,-0.265625
181,213,-0.2734375
212,213,-0.5
182,214,-0.2265625
213,214,0.3828125
183,215,0.6875
214,215,-0.34375
184,216,0.140625
215,216,-0.9296875
185,217,-0.890625
216,217,0.9453125
186,218,-0.671875
217,218,0.671875
187,219,-0.3515625
218,219,0.7421875
188,220,-0.765625
219,220,0.640625
189,221,-0.40625
220,221,0.0078125
190,222,0.28125
221,222,-0.0625
191,223,0.6171875
192,223,-0.390625
222,223,0.40625
192,224,-0.9921875
193,225,-0.5234375
224,225,-0.03125
194,226,-0.15625
225,226,0.671875
195,227,-0.15625
226,227,0.7109375
196,228,-0.6484375
227,228,0.2109375
197,229,-0.3828125
228,229,0.6640625
198,230,-0.953125
229,230,0.0625
199,231,0.84375
230,231,-0.1953125
200,232,0.7421875
231,232,-0.25
201,233,-0.8984375
232,233,-0.4609375
202,234,-0.40625
233,234,-0.0703125
203,235,0.125
234,235,-0.0625
204,236,0.2578125
235,236,0.0078125
205,237,-0.1953125
236,237,0.640625
206,238,0.34375
237,238,0.6953125
207,239,0.15625
238,239,0.265625
208,240,-0.6875
239,240,0.890625
209,241,0.3984375
240,241,-0.3125
210,242,0.578125
241,242,-0.046875
211,243,0.0625
242,243,0.328125
212,244,-0.109375
243,244,-0.3671875
213,245,-0.2734375
244,245,-0.5390625
214,246,0.6015625
245,246,0.046875
215,247,-1.0
246,247,-0.0546875
216,248,0.984375
247,248,-0.0703125
217,249,-0.859375
248,249,-0.9375
218,250,0.8984375
249,250,-0.4609375
219,251,-0.9296875
250,251,0.296875
220,252,-0.71875
251,252,0.390625
221,253,-0.453125
252,253,-0.71875
222,254,0.3359375
253,254,-0.8671875
223,255,0.3359375
224,255,0.9453125
254,255,0.375
224,256,-0.46875
225,257,0.140625
256,257,-0.6328125
226,258,1.0
257,258,-0.5546875
227,259,0.640625
258,259,-0.4140625
228,260,-0.6015625
259,260,0.875
229,261,0.9296875
260,261,0.25
230,262,-0.59375
261,262,0.625
231,263,-0.671875
262,263,-0.96875
232,264,0.34375
263,264,-0.46875
233,265,-0.7421875
264,265,0.0859375
234,266,-0.890625
265,266,0.984375
235,267,-0.9453125
266,267,-0.4375
236,268,-0.640625
267,268,-0.78125
237,269,0.71875
268,269,0.3984375
238,270,0.4453125
269,270,-0.828125
239,271,-0.3046875
270,271,0.796875
240,272,-0.9765625
271,272,0.4140625
241,273,-0.6484375
272,273,-0.296875
242,274,-0.9296875
273,274,0.6875
243,275,-0.015625
274,275,-0.640625
244,276,-0.2421875
275,276,0.7109375
245,277,-0.3046875
276,277,0.625
246,278,0.2421875
277,278,0.8828125
247,279,0.9453125
278,279,0.1640625
248,280,-0.578125
279,280,-0.359375
249,281,-0.7109375
280,281,-0.25
250,282,0.8984375
281,282,-0.5703125
251,283,0.3671875
282,283,-0.75
252,284,0.875
283,284,-0.8203125
253,285,0.375
284,285,0.375
254,286,0.703125
285,286,0.1484375
255,287,-0.734375
256,287,-0.78125
286,287,-0.828125
256,288,0.46875
257,289,-0.78125
288,289,0.9296875
258,290,0.6640625
289,290,0.8125
259,291,0.453125
290,291,0.90625
260,292,0.21875
291,292,-0.1328125
261,293,0.0390625
292,293,0.1875
262,294,0.046875
293,294,-0.2734375
263,295,-0.65625
294,295,0.25
264,296,-0.515625
295,296,-0.0234375
265,297,-0.3359375
296,297,0.5625
266,298,0.8515625
297,298,0.4453125
267,299,0.953125
298,299,0.4453125
268,300,-0.671875
299,300,0.640625
269,301,-0.953125
300,301,0.0625
270,302,-0.9453125
301,302,-0.3984375
271,303,-0.703125
302,303,0.03125
272,304,-0.921875
303,304,0.84375
273,305,-0.7734375
304,305,0.9375
274,306,0.0078125
305,306,-0.4140625
275,307,0.0625
306,307,-0.28125
276,308,-0.515625
307,308,0.265625
277,309,0.6328125
308,309,-0.5703125
278,310,-0.3828125
309,310,0.109375
279,311,1.0
310,311,0.984375
280,312,-0.6171875
311,312,0.4375
281,313,-0.390625
312,313,0.9921875
282,314,-0.5234375
313,314,0.59375
283,315,0.5234375
314,315,-0.984375
284,316,-0.453125
315,316,-0.6328125
285,317,0.5
316,317,0.3671875
286,318,-0.7265625
317,318,0.015625
287,319,0.9609375
288,319,-0.0703125
318,319,0.4921875
288,320,-0.9296875
289,321,0.28125
320,321,-0.9609375
290,322,0.265625
321,322,-0.109375
291,323,-0.84375
322,323,-0.125
292,324,-0.0859375
323,324,0.9375
293,325,0.34375
324,325,0.3828125
294,326,0.3828125
325,326,0.0234375
295,327,0.9921875
326,327,-0.625
296,328,0.0078125
327,328,0.4453125
297,329,0.265625
328,329,-0.46875
298,330,-0.6875
329,330,0.2109375
299,331,0.9453125
330,331,0.2734375
300,332,0.1953125
331,332,0.96875
301,333,-0.234375
332,333,0.03125
302,334,0.59375
333,334,0.09375
303,335,-0.8125
334,335,-0.6171875
304,336,0.90625
335,336,-0.96875
305,337,0.359375
336,337,-0.8515625
306,338,0.6171875
337,338,-0.3203125
307,339,-0.1640625
338,339,0.1484375
308,340,-0.0078125
339,340,0.875
309,341,-0.515625
340,341,0.265625
310,342,0.078125
341,342,-0.7734375
311,343,-0.171875
342,343,0.1171875
312,344,-0.3046875
343,344,-0.4453125
313,345,-0.8125
344,345,-0.546875
314,346,-0.7421875
345,346,-0.515625
315,347,-0.8125
346,347,-0.6796875
316,348,-0.2265625
347,348,-0.3984375
317,349,0.046875
348,349,-0.8515625
318,350,-0.3828125
349,350,0.796875
319,351,-0.828125
320,351,-0.2421875
350,351,0.2734375
320,352,0.5
321,353,0.4609375
352,353,0.75
322,354,-0.28125
353,354,-0.0390625
323,355,0.109375
354,355,-0.8125
324,356,0.6171875
355,356,-0.9765625
325,357,0.765625
356,357,-1.0
326,358,0.2890625
357,358,-0.65625
327,359,-0.96875
358,359,0.3828125
328,360,0.40625
359,360,-0.5234375
329,361,0.1875
360,361,0.5703125
330,362,0.34375
361,362,-0.3359375
331,363,-0.9453125
362,363,-0.75
332,364,0.7421875
363,364,-0.921875
333,365,-0.1953125
364,365,0.1015625
334,366,-0.2109375
365,366,0.171875
335,367,0.2421875
366,367,0.7109375
336,368,-0.84375
367,368,0.875
337,369,-0.84375
368,369,0.6484375
338,370,-0.4375
369,370,0.046875
339,371,0.8828125
370,371,0.4296875
340,372,0.03125
371,372,0.515625
341,373,0.3671875
372,373,0.640625
342,374,0.96875
373,374,0.28125
343,375,-0.9765625
374,375,-0.9375
344,376,-0.6328125
375,376,0.3203125
345,377,-0.78125
376,377,-0.984375
346,378,-0.828125
377,378,0.4453125
347,379,0.015625
378,379,0.3359375
348,380,0.6796875
379,380,0.828125
349,381,-0.75
380,381,0.15625
350,382,0.9140625
381,382,-0.09375
351,383,0.53125
352,383,0.9609375
382,383,0.359375
352,384,-0.2109375
353,385,0.046875
384,385,-0.890625
354,386,0.625
385,386,-0.7421875
355,387,-0.265625
386,387,-0.296875
356,388,-0.8671875
387,388,-0.890625
357,389,-0.3515625
388,389,-0.65625
358,390,1.0
389,390,0.28125
359,391,0.234375
390,391,0.4296875
360,392,-0.7734375
391,392,-0.1171875
361,393,-0.0390625
392,393,-0.3046875
362,394,-0.4375
393,394,0.203125
363,395,-0.1875
394,395,0.0546875
364,396,0.75
395,396,0.3125
365,397,-0.609375
396,397,0.9453125
366,398,0.8515625
397,398,0.953125
367,399,0.8828125
398,399,-0.8046875
368,400,0.9140625
399,400,0.828125
369,401,0.125
400,401,-0.0859375
370,402,-0.4296875
401,402,-0.46875
371,403,-0.765625
402,403,-0.15625
372,404,-0.4609375
403,404,0.6171875
373,405,-0.140625
404,405,0.5703125
374,406,0.546875
405,406,0.2890625
375,407,0.78125
406,407,-0.40625
376,408,-0.84375
407,408,-0.234375
377,409,-0.3203125
408,409,0.8828125
378,410,-0.828125
409,410,-0.359375
379,411,-0.8359375
410,411,-0.7734375
380,412,0.4921875
411,412,0.9609375
381,413,0.1796875
412,413,-0.3984375
382,414,0.8671875
413,414,0.4453125
383,415,-0.2890625
384,415,-0.3828125
414,415,-0.1015625
384,416,-0.25
385,417,0.671875
416,417,0.2109375
386,418,-0.46875
417,418,-0.9375
387,419,0.3984375
418,419,-0.875
388,420,-0.8046875
419,420,0.96875
389,421,0.84375
420,421,-0.671875
390,422,-0.7578125
421,422,0.3671875
391,423,0.703125
422,423,0.34375
392,424,-0.53125
423,424,0.8984375
393,425,-0.6171875
424,425,-0.5078125
394,426,-0.234375
425,426,0.390625
395,427,0.203125
426,427,0.9609375
396,428,-0.546875
427,428,0.921875
397,429,0.40625
428,429,-0.09375
398,430,-0.4296875
429,430,-0.921875
399,431,-0.4296875
430,431,0.390625
400,432,0.84375
431,432,0.0625
401,433,0.140625
432,433,-0.1796875
402,434,-0.859375
433,434,0.625
403,435,-0.7890625
434,435,-0.90625
404,436,0.0234375
435,436,0.3515625
405,437,-0.5546875
436,437,0.9453125
406,438,-0.46875
437,438,0.859375
407,439,0.0703125
438,439,-0.90625
408,440,-0.3828125
439,440,-0.1015625
409,441,0.609375
440,441,-0.234375
410,442,0.671875
441,442,0.2265625
411,443,-0.4296875
442,443,0.8125
412,444,-0.890625
443,444,-0.15625
413,445,0.8125
444,445,-0.4609375
414,446,0.078125
445,446,-0.1484375
415,447,-0.6640625
416,447,0.3203125
446,447,0.3984375
416,448,0.2890625
417,449,0.46875
448,449,-0.421875
418,450,0.828125
449,450,0.015625
419,451,0.5234375
450,451,0.5234375
420,452,-0.65625
451,452,-0.4921875
421,453,-0.8203125
452,453,0.8515625
422,454,-0.8125
453,454,0.1640625
423,455,0.9921875
454,455,0.140625
424,456,-0.234375
455,456,0.109375
425,457,0.59375
456,457,0.578125
426,458,0.875
457,458,-0.6171875
427,459,-0.9140625
458,459,0.8828125
428,460,-0.4609375
459,460,0.296875
429,461,-0.671875
460,461,-0.53125
430,462,-0.25
461,462,-0.1015625
431,463,0.4609375
462,463,-0.2734375
432,464,0.7734375
463,464,0.515625
433,465,0.8125
464,465,0.8046875
434,466,-0.0234375
465,466,-0.65625
435,467,-0.0546875
466,467,-0.6875
436,468,0.4140625
467,468,-0.234375
437,469,-0.25
468,469,-0.1171875
438,470,0.6484375
469,470,0.71875
439,471,-0.5546875
470,471,-0.0703125
440,472,0.59375
471,472,0.6640625
441,473,0.515625
472,473,-0.3828125
442,474,0.0234375
473,474,-0.7734375
443,475,0.2734375
474,475,-0.8359375
444,476,-0.921875
475,476,-0.6640625
445,477,0.8359375
476,477,-0.8125
446,478,0.515625
477,478,-0.96875
447,479,0.2265625
448,479,-0.4296875
478,479,-0.2109375
448,480,0.4140625
449,481,-0.7890625
480,481,-0.3359375
450,482,-0.8046875
481,482,-0.09375
451,483,0.6484375
482,483,-0.484375
452,484,-0.4921875
483,484,-0.171875
453,485,0.609375
484,485,-0.96875
454,486,-0.2421875
485,486,-0.203125
455,487,0.8046875
486,487,-0.84375
456,488,0.8828125
487,488,0.1640625
457,489,-0.484375
488,489,-0.640625
458,490,-0.5078125
489,490,0.6015625
459,491,-0.421875
490,491,0.9765625
460,492,-0.875
491,492,0.046875
461,493,-0.6875
492,493,0.953125
462,494,-0.3359375
493,494,-0.375
463,495,0.4921875
494,495,0.984375
464,496,0.1015625
495,496,-0.359375
465,497,0.8515625
496,497,-0.9453125
466,498,-0.1796875
497,498,0.59375
467,499,0.8125
498,499,-0.203125
468,500,-0.0390625
499,500,0.1796875
469,501,0.2734375
500,501,0.2109375
470,502,0.09375
501,502,-0.625
471,503,-0.65625
502,503,0.8046875
472,504,0.6328125
503,504,0.09375
473,505,-0.9140625
504,505,-0.640625
474,506,-0.90625
505,506,-0.3671875
475,507,0.9765625
506,507,0.4453125
476,508,0.390625
507,508,0.203125
477,509,-0.3515625
508,509,0.3671875
478,510,-0.2109375
509,510,0.9921875
479,511,-0.140625
480,511,-0.53125
510,511,0.765625
480,512,0.2578125
481,513,0.875
512,513,-0.9453125
482,514,-0.6484375
513,514,-0.4375
483,515,0.6328125
514,515,0.1875
484,516,-0.15625
515,516,-0.3359375
485,517,0.2265625
516,517,0.5703125
486,518,-0.6953125
517,518,0.9765625
487,519,-0.765625
518,519,0.15625
488,520,-0.5390625
519,520,0.5859375
489,521,-0.0546875
520,521,0.3984375
490,522,-0.2265625
521,522,-0.28125
491,523,-0.265625
522,523,0.7578125
492,524,-0.359375
523,524,-0.4296875
493,525,-0.34375
524,525,-0.78125
494,526,0.875
525,526,-0.1015625
495,527,-0.6484375
526,527,-0.078125
496,528,-0.1328125
527,528,-0.1171875
497,529,-0.9296875
528,529,-0.203125
498,530,0.671875
529,530,0.9765625
499,531,0.328125
530,531,0.9765625
500,532,0.5390625
531,532,-0.8203125
501,533,-0.296875
532,533,0.640625
502,534,0.4375
533,534,-0.34375
503,535,-0.828125
534,535,-0.5
504,536,-0.3046875
535,536,0.6484375
505,537,0.4296875
536,537,0.1640625
506,538,0.796875
537,538,-0.203125
507,539,0.4609375
538,539,0.5625
508,540,-0.484375
539,540,-0.6640625
509,541,-0.6953125
540,541,-0.96875
510,542,-0.671875
541,542,0.0390625
511,543,-0.8671875
512,543,-0.296875
542,543,-0.3984375
512,544,-0.890625
513,545,-0.640625
544,545,-0.1328125
514,546,-0.921875
545,546,0.640625
515,547,-0.65625
546,547,-0.71875
516,548,-0.8671875
547,548,0.28125
517,549,0.8515625
548,549,0.8125
518,550,0.140625
549,550,0.3203125
519,551,-0.2265625
550,551,-0.7578125
520,552,-0.8125
551,552,-0.15625
521,553,0.1015625
552,553,0.9765625
522,554,-0.84375
553,554,0.4375
523,555,0.5625
554,555,0.9375
524,556,0.0703125
555,556,-0.1328125
525,557,0.46875
556,557,-0.515625
526,558,-0.046875
557,558,0.9375
527,559,0.9609375
558,559,-0.7421875
528,560,-0.046875
559,560,0.109375
529,561,0.953125
560,561,-0.3359375
530,562,-0.96875
561,562,-0.7890625
531,563,-0.4140625
562,563,0.4453125
532,564,-0.046875
563,564,-0.6171875
533,565,0.09375
564,565,0.7578125
534,566,0.8359375
565,566,0.6171875
535,567,-0.1796875
566,567,0.625
536,568,0.203125
567,568,-0.5859375
537,569,-0.296875
568,569,-0.5078125
538,570,-0.0078125
569,570,0.859375
539,571,-0.7578125
570,571,-0.8359375
540,572,-0.375
571,572,0.46875
541,573,-0.640625
572,573,-0.296875
542,574,-0.25
573,574,0.375
543,575,-0.5859375
544,575,-0.2890625
574,575,-0.515625
544,576,0.609375
545,577,0.8359375
576,577,0.8515625
546,578,0.25
577,578,-0.296875
547,579,0.7421875
578,579,0.8671875
548,580,-0.4609375
579,580,0.9140625
549,581,0.7265625
580,581,-0.203125
550,582,0.5703125
581,582,-0.96875
551,583,0.7734375
582,583,0.953125
552,584,0.8828125
583,584,-0.1875
553,585,0.109375
584,585,-0.1171875
554,586,-0.4453125
585,586,0.2265625
555,587,0.5
586,587,0.9453125
556,588,-0.8125
587,588,-0.5859375
557,589,0.1171875
588,589,0.859375
558,590,0.171875
589,590,0.2265625
559,591,0.0703125
590,591,-0.421875
560,592,-0.9140625
591,592,0.3828125
561,593,0.2734375
592,593,0.46875
562,594,0.25
593,594,0.859375
563,595,-0.75
594,595,-0.046875
564,596,0.046875
595,596,0.203125
565,597,0.90625
596,597,-0.0546875
566,598,-0.7890625
597,598,0.53125
567,599,-0.0625
598,599,0.640625
568,600,-0.921875
599,600,-0.3046875
569,601,-0.3828125
600,601,0.9375
570,602,-0.2734375
601,602,0.046875
571,603,0.8515625
602,603,-0.15625
572,604,-0.9375
603,604,-0.09375
573,605,0.046875
604,605,0.9921875
574,606,0.9375
605,606,-0.03125
575,607,-1.0
576,607,0.8359375
606,607,0.1328125
576,608,0.6796875
577,609,-0.4296875
608,609,0.234375
578,610,-0.109375
609,610,0.8359375
579,611,0.296875
610,611,-0.8359375
580,612,-0.5703125
611,612,-0.1796875
581,613,0.984375
612,613,0.28125
582,614,0.828125
613,614,-0.640625
583,615,-0.5859375
614,615,-0.46875
584,616,-0.7421875
615,616,0.1015625
585,617,0.9140625
616,617,0.8203125
586,618,0.4609375
617,618,0.8984375
587,619,-0.4296875
618,619,0.0390625
588,620,-0.375
619,620,-0.0390625
589,621,0.921875
620,621,-0.7734375
590,622,-0.265625
621,622,0.6796875
591,623,-0.9453125
622,623,-0.6484375
592,624,-0.484375
623,624,0.328125
593,625,0.2421875
624,625,0.0234375
594,626,-0.6171875
625,626,-0.0234375
595,627,0.796875
626,627,-0.7421875
596,628,-0.84375
627,628,0.8203125
597,629,-0.796875
628,629,0.65625
598,630,-0.859375
629,630,0.4296875
599,631,-0.6484375
630,631,0.9609375
600,632,0.0859375
631,632,0.625
601,633,0.1640625
632,633,0.46875
602,634,-0.3515625
633,634,-0.78125
603,635,0.8046875
634,635,0.0703125
604,636,0.109375
635,636,0.828125
605,637,-0.1015625
636,637,-0.8203125
606,638,0.953125
637,638,0.8359375
607,639,0.03125
608,639,-0.1328125
638,639,-0.65625
608,640,0.0859375
609,641,-0.6171875
640,641,0.4453125
610,642,-0.2109375
641,642,-0.8125
611,643,-0.5625
642,643,0.78125
612,644,0.71875
643,644,0.9140625
613,645,-0.7109375
644,645,0.953125
614,646,-0.390625
645,646,0.9296875
615,647,0.15625
646,647,0.453125
616,648,-0.0390625
647,648,-0.71875
617,649,0.3828125
648,649,-0.6875
618,650,-0.8203125
649,650,0.75
619,651,-0.796875
650,651,-0.5546875
620,652,-0.5234375
651,652,-0.171875
621,653,0.8828125
652,653,-0.53125
622,654,-0.2265625
653,654,-0.21875
623,655,0.5390625
654,655,0.1640625
624,656,-0.0546875
655,656,0.8828125
625,657,-0.6015625
656,657,0.203125
626,658,0.8984375
657,658,0.0703125
627,659,0.7890625
658,659,-0.9140625
628,660,-0.703125
659,660,0.21875
629,661,0.53125
660,661,-0.2421875
630,662,0.7734375
661,662,-0.34375
631,663,0.8984375
662,663,0.359375
632,664,0.7890625
663,664,-0.34375
633,665,0.3046875
664,665,-0.9921875
634,666,-0.4921875
665,666,0.5625
635,667,-0.359375
666,667,-0.8125
636,668,-0.765625
667,668,-0.265625
637,669,-0.53125
668,669,0.125
638,670,0.0625
669,670,0.5234375
639,671,0.890625
640,671,0.5078125
670,671,0.3125
640,672,0.1328125
641,673,0.5078125
672,673,0.0625
642,674,-0.2578125
673,674,0.9140625
643,675,-0.90625
674,675,-0.0546875
644,676,-0.0703125
675,676,0.296875
645,677,0.5859375
676,677,0.1328125
646,678,-0.0234375
677,678,-0.140625
647,679,-0.265625
678,679,-0.9453125
648,680,-0.3046875
679,680,0.1640625
649,681,0.5625
680,681,0.703125
650,682,-0.2265625
681,682,-0.640625
651,683,0.46875
682,683,-0.578125
652,684,-0.1171875
683,684,-0.90625
653,685,-0.3828125
684,685,-0.21875
654,686,-0.875
685,686,0.3203125
655,687,-0.671875
686,687,-0.265625
656,688,0.6875
687,688,-0.875
657,689,0.28125
688,689,-0.1328125
658,690,0.109375
689,690,0.4921875
659,691,0.9765625
690,691,-0.875
660,692,0.78125
691,692,0.296875
661,693,1.0
692,693,0.9765625
662,694,0.8125
693,694,0.890625
663,695,0.4921875
694,695,0.859375
664,696,0.65625
695,696,-0.5078125
665,697,0.6875
696,697,-0.7421875
666,698,-0.4765625
697,698,-0.2578125
667,699,-0.796875
698,699,0.9296875
668,700,0.9140625
699,700,-0.5625
669,701,0.234375
700,701,0.6875
670,702,0.234375
701,702,-0.375
671,703,0.8046875
672,703,-0.140625
702,703,-0.15625
672,704,-0.28125
673,705,-0.8671875
704,705,0.3359375
674,706,-0.0390625
705,706,0.0703125
675,707,0.1171875
706,707,0.046875
676,708,0.0546875
707,708,0.5546875
677,709,-0.7890625
708,709,0.59375
678,710,-0.0390625
709,710,-0.0703125
679,711,-0.7890625
710,711,0.625
680,712,0.078125
711,712,0.7734375
681,713,-0.59375
712,713,-0.1484375
682,714,0.8046875
713,714,0.671875
683,715,-0.59375
714,715,0.7265625
684,716,0.6484375
715,716,0.546875
685,717,-0.7421875
716,717,0.75
686,718,0.1953125
717,718,0.3203125
687,719,0.46875
718,719,-0.3515625
688,720,0.71875
719,720,-0.2109375
689,721,0.0078125
720,721,0.0234375
690,722,0.671875
721,722,0.25
691,723,-0.921875
722,723,0.9609375
692,724,-0.5234375
723,724,-0.25
693,725,-0.6640625
724,725,-0.5625
694,726,0.7109375
725,726,0.953125
695,727,-0.2734375
726,727,-0.6875
696,728,-0.09375
727,728,0.7578125
697,729,0.8828125
728,729,0.6640625
698,730,-0.1875
729,730,0.859375
699,731,-0.125
730,731,0.28125
700,732,0.359375
731,732,0.25
701,733,-0.3671875
732,733,-0.9375
702,734,0.3515625
733,734,0.609375
703,735,-0.1953125
704,735,0.6484375
734,735,0.546875
704,736,0.375
705,737,0.3203125
736,737,-0.96875
706,738,-0.71875
737,738,-0.1796875
707,739,0.6796875
738,739,0.3046875
708,740,0.4140625
739,740,0.9765625
709,741,-0.4765625
740,741,0.171875
710,742,-0.9453125
741,742,-0.40625
711,743,-0.3125
742,743,-0.7890625
712,744,-0.96875
743,744,-0.9609375
713,745,0.3828125
744,745,-0.203125
714,746,-0.1484375
745,746,0.4765625
715,747,-0.6015625
746,747,0.6015625
716,748,-0.8046875
747,748,-0.703125
717,749,0.21875
748,749,0.09375
718,750,0.0703125
749,750,0.3046875
719,751,-0.0703125
750,751,0.2265625
720,752,0.421875
751,752,0.9765625
721,753,0.8359375
752,753,0.484375
722,754,0.765625
753,754,-0.1015625
723,755,-0.9921875
754,755,-0.8359375
724,756,-0.453125
755,756,0.5703125
725,757,0.1875
756,757,-0.8359375
726,758,-0.15625
757,758,-0.2265625
727,759,-0.96875
758,759,-0.6484375
728,760,-0.765625
759,760,-0.28125
729,761,-0.109375
760,761,0.859375
730,762,0.421875
761,762,-0.25
731,763,-0.6171875
762,763,0.765625
732,764,-0.8515625
763,764,0.7265625
733,765,0.96875
764,765,-0.796875
734,766,0.578125
765,766,0.0703125
735,767,0.5234375
736,767,0.3984375
766,767,-0.515625
736,768,-0.375
737,769,-0.9140625
768,769,0.5625
738,770,0.4609375
769,770,-0.421875
739,771,0.109375
770,771,0.4765625
740,772,-0.78125
771,772,0.03125
741,773,0.5546875
772,773,-0.8515625
742,774,-0.0703125
773,774,-0.0234375
743,775,-0.4453125
774,775,-0.0390625
744,776,0.15625
775,776,0.0859375
745,777,0.4296875
776,777,-0.078125
746,778,-0.5625
777,778,0.9296875
747,779,0.4296875
778,779,0.828125
748,780,-0.0859375
779,780,-0.5546875
749,781,-0.0234375
780,781,-0.7421875
750,782,0.9609375
781,782,0.6328125
751,783,-0.65625
782,783,-0.421875
752,784,-0.7109375
783,784,-0.765625
753,785,0.453125
784,785,0.28125
754,786,-0.2578125
785,786,0.296875
755,787,0.875
786,787,-0.984375
756,788,0.3359375
787,788,-0.4453125
757,789,-0.5546875
788,789,-1.0
758,790,-0.2890625
789,790,0.1953125
759,791,-0.71875
790,791,-0.96875
760,792,0.515625
791,792,-0.734375
761,793,0.4296875
792,793,-0.921875
762,794,-0.3359375
793,794,-0.6171875
763,795,0.90625
794,795,0.5390625
764,796,0.09375
795,796,0.8671875
765,797,-0.9765625
796,797,-0.4140625
766,798,0.34375
797,798,-0.484375
767,799,-0.4140625
768,799,0.375
798,799,0.203125
768,800,-0.296875
769,801,0.0859375
800,801,-0.4375
770,802,0.234375
801,802,-0.6875
771,803,-0.7421875
802,803,0.53125
772,804,0.2734375
803,804,0.1640625
773,805,0.4375
804,805,-0.2265625
774,806,-0.9453125
805,806,-0.2734375
775,807,-0.4453125
806,807,0.0234375
776,808,0.609375
807,808,0.359375
777,809,0.5625
808,809,0.4140625
778,810,-0.09375
809,810,-0.78125
779,811,0.25
810,811,-0.890625
780,812,-0.25
811,812,0.65625
781,813,0.71875
812,813,0.8515625
782,814,0.9921875
813,814,-0.609375
783,815,-0.65625
814,815,-0.03125
784,816,0.875
815,816,-0.890625
785,817,0.9765625
816,817,-0.3984375
786,818,0.65625
817,818,-0.65625
787,819,-0.5390625
818,819,0.65625
788,820,-0.421875
819,820,-0.3515625
789,821,0.640625
820,821,-0.296875
790,822,0.234375
821,822,-0.3515625
791,823,0.484375
822,823,-0.40625
792,824,0.5
823,824,-0.328125
793,825,0.1171875
824,825,0.296875
794,826,0.8203125
825,826,-0.1953125
795,827,-0.96875
826,827,-0.3515625
796,828,0.625
827,828,-0.5390625
797,829,0.296875
828,829,0.3671875
798,830,0.6015625
829,830,-0.0078125
799,831,0.4140625
800,831,-0.6171875
830,831,-0.3984375
800,832,-0.03125
801,833,-0.6328125
832,833,0.4296875
802,834,-0.609375
833,834,0.8515625
803,835,-0.59375
834,835,-0.375
804,836,0.5390625
835,836,-0.8671875
805,837,-0.8359375
836,837,0.234375
806,838,0.2578125
837,838,0.0625
807,839,0.8984375
838,839,-0.25
808,840,0.859375
839,840,0.5234375
809,841,-0.6015625
840,841,0.765625
810,842,-0.078125
841,842,-0.359375
811,843,0.3203125
842,843,-0.5078125
812,844,0.703125
843,844,0.21875
813,845,0.59375
844,845,-0.3203125
814,846,-0.75
845,846,-0.6875
815,847,-0.09375
846,847,-0.5859375
816,848,-0.09375
847,848,-0.8671875
817,849,0.0390625
848,849,-0.1640625
818,850,-0.3515625
849,850,0.3515625
819,851,0.796875
850,851,-0.9140625
820,852,-0.171875
851,852,-0.609375
821,853,-0.7265625
852,853,-0.484375
822,854,0.0859375
853,854,0.25
823,855,-0.7109375
854,855,0.53125
824,856,0.8203125
855,856,0.4609375
825,857,0.1640625
856,857,-0.2109375
826,858,0.875
857,858,0.859375
827,859,-0.03125
858,859,-0.09375
828,860,-0.5703125
859,860,0.40625
829,861,0.4609375
860,861,-0.5078125
830,862,-0.078125
861,862,0.0625
831,863,-0.3125
832,863,-0.671875
862,863,-0.484375
832,864,0.390625
833,865,0.4921875
864,865,-0.671875
834,866,-0.625
865,866,-0.28125
835,867,0.2421875
866,867,-0.203125
836,868,0.5078125
867,868,0.375
837,869,1.0
868,869,-0.21875
838,870,-0.21875
869,870,0.1171875
839,871,-0.234375
870,871,0.453125
840,872,0.859375
871,872,0.6171875
841,873,-0.640625
872,873,-0.71875
842,874,-0.3671875
873,874,-0.21875
843,875,-0.953125
874,875,-0.1171875
844,876,-0.2734375
875,876,0.8203125
845,877,-0.984375
876,877,0.1640625
846,878,0.1015625
877,878,-0.6953125
847,879,0.328125
878,879,-0.1796875
848,880,0.765625
879,880,0.6875
849,881,-0.3671875
880,881,0.5
850,882,0.640625
881,882,0.8359375
851,883,0.8515625
882,883,0.21875
852,884,-0.3984375
883,884,-0.6875
853,885,0.9296875
884,885,-0.890625
854,886,-0.7890625
885,886,-0.078125
855,887,-0.7109375
886,887,0.6796875
856,888,-0.765625
887,888,-0.9140625
857,889,-0.78125
888,889,-0.4609375
858,890,0.8828125
889,890,-0.3203125
859,891,0.4453125
890,891,-0.5234375
860,892,-0.9453125
891,892,0.59375
861,893,-0.484375
892,893,-0.8125
862,894,0.171875
893,894,0.4453125
863,895,-0.265625
864,895,-0.734375
894,895,-0.4609375
864,896,-0.0703125
865,897,0.015625
896,897,0.7734375
866,898,-0.0859375
897,898,0.8125
867,899,-0.265625
898,899,0.78125
868,900,-0.3671875
899,900,-0.6015625
869,901,0.234375
900,901,-0.3203125
870,902,0.5078125
901,902,-0.4609375
871,903,0.671875
902,903,-0.78125
872,904,0.234375
903,904,-0.0078125
873,905,-0.7578125
904,905,0.71875
874,906,0.1015625
905,906,0.0234375
875,907,-0.8125
906,907,-1.0
876,908,0.28125
907,908,-0.375
877,909,-0.4140625
908,909,0.7109375
878,910,-0.3984375
909,910,-0.796875
879,911,0.1328125
910,911,0.90625
880,912,-0.1796875
911,912,0.2109375
881,913,-0.6171875
912,913,-0.4609375
882,914,-0.546875
913,914,-0.2109375
883,915,0.796875
914,915,0.765625
884,916,0.0859375
915,916,0.625
885,917,0.875
916,917,-0.390625
886,918,0.609375
917,918,0.328125
887,919,0.4609375
918,919,-0.5
888,920,-0.2265625
919,920,0.15625
889,921,-0.0859375
920,921,-0.03125
890,922,-0.3984375
921,922,-0.1484375
891,923,-0.828125
922,923,0.890625
892,924,-0.953125
923,924,0.2734375
893,925,0.8828125
924,925,-0.125
894,926,0.5859375
925,926,-0.4375
895,927,-0.0703125
896,927,0.9609375
926,927,-0.5234375
896,928,-0.8359375
897,929,0.734375
928,929,-0.8203125
898,930,0.921875
929,930,-0.6328125
899,931,0.453125
930,931,-0.1328125
900,932,0.0625
931,932,0.4765625
901,933,-0.6328125
932,933,0.984375
902,934,0.4296875
933,934,0.9765625
903,935,-0.8828125
934,935,0.8203125
904,936,-0.1171875
935,936,-0.0703125
905,937,0.390625
936,937,0.8203125
906,938,0.671875
937,938,0.7265625
907,939,-0.640625
938,939,-0.5390625
908,940,0.875
939,940,0.9296875
909,941,-0.8671875
940,941,-0.4765625
910,942,-0.625
941,942,0.2734375
911,943,0.6953125
942,943,-0.1640625
912,944,0.3046875
943,944,-0.375
913,945,0.5546875
944,945,0.9453125
914,946,0.6171875
945,946,-0.078125
915,947,0.515625
946,947,0.5
916,948,0.9453125
947,948,-0.5
917,949,-0.3125
948,949,-0.2109375
918,950,0.5625
949,950,-0.5625
919,951,0.9609375
950,951,0.4609375
920,952,-0.203125
951,952,-0.8828125
921,953,0.984375
952,953,-0.2265625
922,954,1.0
953,954,-0.1875
923,955,-0.328125
954,955,0.578125
924,956,0.6484375
955,956,-0.7890625
925,957,0.109375
956,957,0.4296875
926,958,0.1015625
957,958,-0.453125
927,959,-0.734375
928,959,0.421875
958,959,-0.03125
928,960,-0.59375
929,961,0.265625
960,961,0.859375
930,962,-0.34375
961,962,0.375
931,963,-0.1796875
962,963,0.9453125
932,964,0.7421875
963,964,-0.5078125
933,965,-0.7734375
964,965,0.75
934,966,0.8671875
965,966,0.40625
935,967,-0.9140625
966,967,-0.4921875
936,968,0.1875
967,968,0.890625
937,969,-0.7421875
968,969,0.8359375
938,970,-0.8515625
969,970,-0.59375
939,971,-0.0078125
970,971,0.78125
940,972,-0.8515625
971,972,0.5859375
941,973,0.28125
972,973,-0.1328125
942,974,0.640625
973,974,-0.421875
943,975,-0.9921875
974,975,-0.4765625
944,976,-0.6875
975,976,-0.2109375
945,977,-0.34375
976,977,-0.8671875
946,978,0.0234375
977,978,0.640625
947,979,-0.8515625
978,979,-0.90625
948,980,0.4921875
979,980,0.1328125
949,981,-0.8359375
980,981,0.9609375
950,982,0.546875
981,982,-0.171875
951,983,0.6171875
982,983,0.265625
952,984,-0.6796875
983,984,0.4609375
953,985,0.078125
984,985,-0.84375
954,986,-0.2265625
985,986,-0.625
955,987,0.0859375
986,987,-0.7109375
956,988,0.2578125
987,988,-0.328125
957,989,-0.8359375
988,989,0.34375
958,990,0.2421875
989,990,0.3125
959,991,-0.4609375
960,991,-0.9375
990,991,-0.40625
960,992,-0.0078125
961,993,0.4140625
992,993,-0.890625
962,994,-0.2421875
993,994,0.59375
963,995,-0.2109375
994,995,0.1953125
964,996,0.765625
995,996,-0.96875
965,997,0.0546875
996,997,0.4296875
966,998,-0.3125
997,998,0.609375
967,999,-0.9921875
998,999,-0.1328125
968,1000,-0.5078125
999,1000,0.34375
969,1001,0.9140625
1000,1001,-0.7734375
970,1002,0.9921875
1001,1002,0.78125
971,1003,-0.8984375
1002,1003,0.984375
972,1004,0.84375
1003,1004,-0.1328125
973,1005,0.3203125
1004,1005,0.34375
974,1006,-0.75
1005,1006,-0.6328125
975,1007,-0.609375
1006,1007,0.75
976,1008,0.984375
1007,1008,-0.2890625
977,1009,-0.25
1008,1009,-0.015625
978,1010,0.1796875
1009,1010,0.2578125
979,1011,0.515625
1010,1011,-0.28125
980,1012,0.2421875
1011,1012,-0.8203125
981,1013,-0.296875
1012,1013,0.125
982,1014,0.171875
1013,1014,0.8515625
983,1015,0.28125
1014,1015,-0.5859375
984,1016,0.265625
1015,1016,-0.59375
985,1017,-0.078125
1016,1017,0.8125
986,1018,-0.0703125
1017,1018,-0.3671875
987,1019,0.2265625
1018,1019,-0.4453125
988,1020,-0.125
1019,1020,0.078125
989,1021,0.359375
1020,1021,0.0390625
990,1022,0.09375
1021,1022,0.9921875
991,1023,-0.5625
992,1023,-0.7734375
1022,1023,0.2109375
