L,INSTANCE,PT,GUROBI,MIPGAP
5,0,-4109.0,-4109.0,0.0000000
5,1,-3731.0,-3731.0,0.0000000
5,2,-3695.0,-3695.0,0.0000000
5,3,-3945.0,-3945.0,0.0000000
5,4,-3655.0,-3655.0,0.0000000
5,5,-3830.0,-3830.0,0.0000000
5,6,-3795.0,-3795.0,0.0000000
5,7,-3818.0,-3818.0,0.0000000
5,8,-3840.0,-3840.0,0.0000000
5,9,-3718.0,-3718.0,0.0000000
5,10,-3889.0,-3889.0,0.0000000
5,11,-3574.0,-3574.0,0.0000000
5,12,-3941.0,-3941.0,0.0000000
5,13,-3803.0,-3803.0,0.0000000
5,14,-3735.0,-3735.0,0.0000000
5,15,-3604.0,-3604.0,0.0000000
5,16,-3701.0,-3701.0,0.0000000
5,17,-3964.0,-3964.0,0.0000000
5,18,-3983.0,-3983.0,0.0000000
5,19,-3837.0,-3837.0,0.0000000
5,20,-3982.0,-3982.0,0.0000000
5,21,-3763.0,-3763.0,0.0000000
5,22,-3785.0,-3785.0,0.0000000
5,23,-3983.0,-3983.0,0.0000000
5,24,-3619.0,-3619.0,0.0000000
5,25,-3871.0,-3871.0,0.0000000
5,26,-3828.0,-3828.0,0.0000000
5,27,-3817.0,-3817.0,0.0000000
5,28,-3718.0,-3718.0,0.0000000
5,29,-3898.0,-3898.0,0.0000000
5,30,-3900.0,-3900.0,0.0000000
5,31,-3748.0,-3748.0,0.0000000
5,32,-3671.0,-3671.0,0.0000000
5,33,-3614.0,-3614.0,0.0000000
5,34,-3818.0,-3818.0,0.0000000
5,35,-3590.0,-3590.0,0.0000000
5,36,-3893.0,-3893.0,0.0000000
5,37,-3763.0,-3763.0,0.0000000
5,38,-3921.0,-3921.0,0.0000000
5,39,-3905.0,-3905.0,0.0000000
5,40,-3856.0,-3856.0,0.0000000
5,41,-3743.0,-3743.0,0.0000000
5,42,-3814.0,-3814.0,0.0000000
5,43,-3773.0,-3773.0,0.0000000
5,44,-3745.0,-3745.0,0.0000000
5,45,-3701.0,-3701.0,0.0000000
5,46,-3806.0,-3806.0,0.0000000
5,47,-3586.0,-3586.0,0.0000000
5,48,-3992.0,-3992.0,0.0000000
5,49,-3876.0,-3876.0,0.0000000
5,50,-3710.0,-3710.0,0.0000000
5,51,-3873.0,-3873.0,0.0000000
5,52,-3864.0,-3864.0,0.0000000
5,53,-3725.0,-3725.0,0.0000000
5,54,-3539.0,-3539.0,0.0000000
5,55,-3849.0,-3849.0,0.0000000
5,56,-3824.0,-3824.0,0.0000000
5,57,-3744.0,-3744.0,0.0000000
5,58,-3627.0,-3627.0,0.0000000
5,59,-3824.0,-3824.0,0.0000000
5,60,-3708.0,-3708.0,0.0000000
5,61,-3792.0,-3792.0,0.0000000
5,62,-3996.0,-3996.0,0.0000000
5,63,-3762.0,-3762.0,0.0000000
5,64,-3812.0,-3812.0,0.0000000
5,65,-3552.0,-3552.0,0.0000000
5,66,-3666.0,-3666.0,0.0000000
5,67,-3844.0,-3844.0,0.0000000
5,68,-3725.0,-3725.0,0.0000000
5,69,-3873.0,-3873.0,0.0000000
5,70,-3919.0,-3919.0,0.0000000
5,71,-3819.0,-3819.0,0.0000000
5,72,-3611.0,-3611.0,0.0000000
5,73,-3471.0,-3471.0,0.0000000
5,74,-3766.0,-3766.0,0.0000000
5,75,-3663.0,-3663.0,0.0000000
5,76,-3794.0,-3794.0,0.0000000
5,77,-3865.0,-3865.0,0.0000000
5,78,-3672.0,-3672.0,0.0000000
5,79,-3739.0,-3739.0,0.0000000
5,80,-3720.0,-3720.0,0.0000000
5,81,-3721.0,-3721.0,0.0000000
5,82,-3768.0,-3768.0,0.0000000
5,83,-3887.0,-3887.0,0.0000000
5,84,-3762.0,-3762.0,0.0000000
5,85,-3565.0,-3565.0,0.0000000
5,86,-3739.0,-3739.0,0.0000000
5,87,-3593.0,-3593.0,0.0000000
5,88,-3739.0,-3739.0,0.0000000
5,89,-3868.0,-3868.0,0.0000000
5,90,-3685.0,-3685.0,0.0000000
5,91,-3919.0,-3919.0,0.0000000
5,92,-3991.0,-3991.0,0.0000000
5,93,-3958.0,-3958.0,0.0000000
5,94,-3785.0,-3785.0,0.0000000
5,95,-3746.0,-3746.0,0.0000000
5,96,-3697.0,-3697.0,0.0000000
5,97,-3890.0,-3890.0,0.0000000
5,98,-3547.0,-3547.0,0.0000000
5,99,-3755.0,-3755.0,0.0000000
5,100,-4108.0,-4108.0,0.0000000
5,101,-3621.0,-3621.0,0.0000000
5,102,-3936.0,-3936.0,0.0000000
5,103,-3809.0,-3809.0,0.0000000
5,104,-3622.0,-3622.0,0.0000000
5,105,-3577.0,-3577.0,0.0000000
5,106,-3883.0,-3883.0,0.0000000
5,107,-3819.0,-3819.0,0.0000000
5,108,-3696.0,-3696.0,0.0000000
5,109,-3798.0,-3798.0,0.0000000
5,110,-3946.0,-3946.0,0.0000000
5,111,-3838.0,-3838.0,0.0000000
5,112,-3838.0,-3838.0,0.0000000
5,113,-3612.0,-3612.0,0.0000000
5,114,-3746.0,-3746.0,0.0000000
5,115,-3729.0,-3729.0,0.0000000
5,116,-3754.0,-3754.0,0.0000000
5,117,-3537.0,-3537.0,0.0000000
5,118,-3931.0,-3931.0,0.0000000
5,119,-3807.0,-3807.0,0.0000000
5,120,-3744.0,-3744.0,0.0000000
5,121,-3908.0,-3908.0,0.0000000
5,122,-3679.0,-3679.0,0.0000000
5,123,-3842.0,-3842.0,0.0000000
5,124,-4081.0,-4081.0,0.0000000
6,0,-5605.0,-5605.0,0.0000000
6,1,-5864.0,-5864.0,0.0000000
6,2,-5588.0,-5588.0,0.0000000
6,3,-5634.0,-5634.0,0.0000000
6,4,-5831.0,-5831.0,0.0000000
6,5,-5563.0,-5563.0,0.0000000
6,6,-5759.0,-5759.0,0.0000000
6,7,-5862.0,-5862.0,0.0000000
6,8,-5633.0,-5633.0,0.0000000
6,9,-5743.0,-5743.0,0.0000000
6,10,-5693.0,-5693.0,0.0000000
6,11,-5870.0,-5870.0,0.0000000
6,12,-5542.0,-5542.0,0.0000000
6,13,-5615.0,-5615.0,0.0000000
6,14,-5699.0,-5699.0,0.0000000
6,15,-5715.0,-5715.0,0.0000000
6,16,-5706.0,-5706.0,0.0000000
6,17,-5443.0,-5443.0,0.0000000
6,18,-5618.0,-5618.0,0.0000000
6,19,-5755.0,-5755.0,0.0000000
6,20,-5427.0,-5427.0,0.0000000
6,21,-5704.0,-5704.0,0.0000000
6,22,-5725.0,-5725.0,0.0000000
6,23,-5867.0,-5867.0,0.0000000
6,24,-5793.0,-5793.0,0.0000000
6,25,-5672.0,-5672.0,0.0000000
6,26,-5791.0,-5791.0,0.0000000
6,27,-5472.0,-5472.0,0.0000000
6,28,-5779.0,-5779.0,0.0000000
6,29,-5678.0,-5678.0,0.0000000
6,30,-5707.0,-5707.0,0.0000000
6,31,-5799.0,-5799.0,0.0000000
6,32,-5591.0,-5591.0,0.0000000
6,33,-5958.0,-5958.0,0.0000000
6,34,-5843.0,-5843.0,0.0000000
6,35,-5630.0,-5630.0,0.0000000
6,36,-5563.0,-5563.0,0.0000000
6,37,-5749.0,-5749.0,0.0000000
6,38,-5742.0,-5742.0,0.0000000
6,39,-5782.0,-5782.0,0.0000000
6,40,-5599.0,-5599.0,0.0000000
6,41,-5664.0,-5664.0,0.0000000
6,42,-5677.0,-5677.0,0.0000000
6,43,-5525.0,-5525.0,0.0000000
6,44,-5473.0,-5473.0,0.0000000
6,45,-5641.0,-5641.0,0.0000000
6,46,-5678.0,-5678.0,0.0000000
6,47,-5773.0,-5773.0,0.0000000
6,48,-5510.0,-5510.0,0.0000000
6,49,-5558.0,-5558.0,0.0000000
6,50,-5628.0,-5628.0,0.0000000
6,51,-5694.0,-5694.0,0.0000000
6,52,-5621.0,-5621.0,0.0000000
6,53,-5898.0,-5898.0,0.0000000
6,54,-5662.0,-5662.0,0.0000000
6,55,-5846.0,-5846.0,0.0000000
6,56,-5798.0,-5798.0,0.0000000
6,57,-5777.0,-5777.0,0.0000000
6,58,-5672.0,-5672.0,0.0000000
6,59,-5716.0,-5716.0,0.0000000
6,60,-5557.0,-5557.0,0.0000000
6,61,-5665.0,-5665.0,0.0000000
6,62,-5691.0,-5691.0,0.0000000
6,63,-5421.0,-5421.0,0.0000000
6,64,-5820.0,-5820.0,0.0000000
6,65,-5825.0,-5825.0,0.0000000
6,66,-5708.0,-5708.0,0.0000000
6,67,-5550.0,-5550.0,0.0000000
6,68,-5693.0,-5693.0,0.0000000
6,69,-5706.0,-5706.0,0.0000000
6,70,-5398.0,-5398.0,0.0000000
6,71,-5878.0,-5878.0,0.0000000
6,72,-5710.0,-5710.0,0.0000000
6,73,-5596.0,-5596.0,0.0000000
6,74,-5823.0,-5823.0,0.0000000
6,75,-5597.0,-5597.0,0.0000000
6,76,-5645.0,-5645.0,0.0000000
6,77,-5815.0,-5815.0,0.0000000
6,78,-5961.0,-5961.0,0.0000000
6,79,-5940.0,-5940.0,0.0000000
6,80,-5652.0,-5652.0,0.0000000
6,81,-5703.0,-5703.0,0.0000000
6,82,-5475.0,-5475.0,0.0000000
6,83,-5648.0,-5648.0,0.0000000
6,84,-5727.0,-5727.0,0.0000000
6,85,-5780.0,-5780.0,0.0000000
6,86,-5882.0,-5882.0,0.0000000
6,87,-5561.0,-5561.0,0.0000000
6,88,-6051.0,-6051.0,0.0000000
6,89,-5743.0,-5743.0,0.0000000
6,90,-5856.0,-5856.0,0.0000000
6,91,-5577.0,-5577.0,0.0000000
6,92,-5703.0,-5703.0,0.0000000
6,93,-5614.0,-5614.0,0.0000000
6,94,-5591.0,-5591.0,0.0000000
6,95,-5461.0,-5461.0,0.0000000
6,96,-5521.0,-5521.0,0.0000000
6,97,-5543.0,-5543.0,0.0000000
6,98,-5606.0,-5606.0,0.0000000
6,99,-5842.0,-5842.0,0.0000000
6,100,-5660.0,-5660.0,0.0000000
6,101,-5694.0,-5694.0,0.0000000
6,102,-5612.0,-5612.0,0.0000000
6,103,-5922.0,-5922.0,0.0000000
6,104,-5688.0,-5688.0,0.0000000
6,105,-5444.0,-5444.0,0.0000000
6,106,-5511.0,-5511.0,0.0000000
6,107,-5758.0,-5758.0,0.0000000
6,108,-5634.0,-5634.0,0.0000000
6,109,-5544.0,-5544.0,0.0000000
6,110,-5722.0,-5722.0,0.0000000
6,111,-5681.0,-5681.0,0.0000000
6,112,-5527.0,-5527.0,0.0000000
6,113,-5622.0,-5622.0,0.0000000
6,114,-5654.0,-5654.0,0.0000000
6,115,-5700.0,-5700.0,0.0000000
6,116,-5848.0,-5848.0,0.0000000
6,117,-5601.0,-5601.0,0.0000000
6,118,-5642.0,-5642.0,0.0000000
6,119,-5700.0,-5700.0,0.0000000
6,120,-5699.0,-5699.0,0.0000000
6,121,-5700.0,-5700.0,0.0000000
6,122,-5393.0,-5393.0,0.0000000
6,123,-5586.0,-5586.0,0.0000000
6,124,-5529.0,-5529.0,0.0000000
7,0,-7582.0,-7582.0,0.0000000
7,1,-7753.0,-7753.0,0.0000000
7,2,-7903.0,-7903.0,0.0000000
7,3,-7840.0,-7840.0,0.0000000
7,4,-7853.0,-7853.0,0.0000000
7,5,-8032.0,-8032.0,0.0000000
7,6,-7827.0,-7827.0,0.0000000
7,7,-7855.0,-7855.0,0.0000000
7,8,-7564.0,-7564.0,0.0000000
7,9,-8068.0,-8068.0,0.0000000
7,10,-8115.0,-8115.0,0.0000000
7,11,-7718.0,-7718.0,0.0000000
7,12,-7847.0,-7847.0,0.0000000
7,13,-7851.0,-7851.0,0.0000000
7,14,-7714.0,-7714.0,0.0000000
7,15,-7730.0,-7730.0,0.0000000
7,16,-7833.0,-7833.0,0.0000000
7,17,-7862.0,-7862.0,0.0000000
7,18,-7721.0,-7721.0,0.0000000
7,19,-8026.0,-8026.0,0.0000000
7,20,-7852.0,-7852.0,0.0000000
7,21,-7569.0,-7569.0,0.0000000
7,22,-7876.0,-7876.0,0.0000000
7,23,-7956.0,-7956.0,0.0000000
7,24,-7729.0,-7729.0,0.0000000
7,25,-7642.0,-7642.0,0.0000000
7,26,-7872.0,-7872.0,0.0000000
7,27,-7635.0,-7635.0,0.0000000
7,28,-7858.0,-7858.0,0.0000000
7,29,-7913.0,-7913.0,0.0000000
7,30,-7972.0,-7972.0,0.0000000
7,31,-7657.0,-7657.0,0.0000000
7,32,-7870.0,-7870.0,0.0000000
7,33,-7994.0,-7994.0,0.0000000
7,34,-8029.0,-8029.0,0.0000000
7,35,-7994.0,-7994.0,0.0000000
7,36,-7742.0,-7742.0,0.0000000
7,37,-7705.0,-7705.0,0.0000000
7,38,-7960.0,-7960.0,0.0000000
7,39,-7730.0,-7730.0,0.0000000
7,40,-7419.0,-7419.0,0.0000000
7,41,-7609.0,-7609.0,0.0000000
7,42,-7724.0,-7724.0,0.0000000
7,43,-7713.0,-7713.0,0.0000000
7,44,-7976.0,-7976.0,0.0000000
7,45,-7972.0,-7972.0,0.0000000
7,46,-7874.0,-7874.0,0.0000000
7,47,-7976.0,-7976.0,0.0000000
7,48,-7674.0,-7674.0,0.0000000
7,49,-7858.0,-7858.0,0.0000000
7,50,-7968.0,-7968.0,0.0000000
7,51,-7957.0,-7957.0,0.0000000
7,52,-7597.0,-7597.0,0.0000000
7,53,-7770.0,-7770.0,0.0000000
7,54,-7979.0,-7979.0,0.0000000
7,55,-7467.0,-7467.0,0.0000000
7,56,-7664.0,-7664.0,0.0000000
7,57,-7674.0,-7674.0,0.0000000
7,58,-7800.0,-7800.0,0.0000000
7,59,-7836.0,-7836.0,0.0000000
7,60,-7744.0,-7744.0,0.0000000
7,61,-7721.0,-7721.0,0.0000000
7,62,-7791.0,-7791.0,0.0000000
7,63,-7670.0,-7670.0,0.0000000
7,64,-7794.0,-7794.0,0.0000000
7,65,-7874.0,-7874.0,0.0000000
7,66,-7799.0,-7799.0,0.0000000
7,67,-7837.0,-7837.0,0.0000000
7,68,-7934.0,-7934.0,0.0000000
7,69,-7784.0,-7784.0,0.0000000
7,70,-7824.0,-7824.0,0.0000000
7,71,-8040.0,-8040.0,0.0000000
7,72,-7829.0,-7829.0,0.0000000
7,73,-8238.0,-8238.0,0.0000000
7,74,-7762.0,-7762.0,0.0000000
7,75,-7853.0,-7853.0,0.0000000
7,76,-7669.0,-7669.0,0.0000000
7,77,-7755.0,-7755.0,0.0000000
7,78,-7689.0,-7689.0,0.0000000
7,79,-8104.0,-8104.0,0.0000000
7,80,-7695.0,-7695.0,0.0000000
7,81,-7769.0,-7769.0,0.0000000
7,82,-8140.0,-8140.0,0.0000000
7,83,-7297.0,-7297.0,0.0000000
7,84,-8145.0,-8145.0,0.0000000
7,85,-7880.0,-7880.0,0.0000000
7,86,-7961.0,-7961.0,0.0000000
7,87,-7761.0,-7761.0,0.0000000
7,88,-7870.0,-7870.0,0.0000000
7,89,-7694.0,-7694.0,0.0000000
7,90,-7894.0,-7894.0,0.0000000
7,91,-7757.0,-7757.0,0.0000000
7,92,-7774.0,-7774.0,0.0000000
7,93,-7677.0,-7677.0,0.0000000
7,94,-8114.0,-8114.0,0.0000000
7,95,-7651.0,-7651.0,0.0000000
7,96,-7761.0,-7761.0,0.0000000
7,97,-7816.0,-7816.0,0.0000000
7,98,-7772.0,-7772.0,0.0000000
7,99,-7570.0,-7570.0,0.0000000
7,100,-7472.0,-7472.0,0.0000000
7,101,-7961.0,-7961.0,0.0000000
7,102,-7735.0,-7735.0,0.0000000
7,103,-7835.0,-7835.0,0.0000000
7,104,-7555.0,-7555.0,0.0000000
7,105,-7754.0,-7754.0,0.0000000
7,106,-7596.0,-7596.0,0.0000000
7,107,-7850.0,-7850.0,0.0000000
7,108,-7717.0,-7717.0,0.0000000
7,109,-7820.0,-7820.0,0.0000000
7,110,-7759.0,-7759.0,0.0000000
7,111,-7725.0,-7725.0,0.0000000
7,112,-7631.0,-7631.0,0.0000000
7,113,-7559.0,-7559.0,0.0000000
7,114,-7772.0,-7772.0,0.0000000
7,115,-7708.0,-7708.0,0.0000000
7,116,-7678.0,-7678.0,0.0000000
7,117,-7716.0,-7716.0,0.0000000
7,118,-7643.0,-7643.0,0.0000000
7,119,-7965.0,-7965.0,0.0000000
7,120,-7893.0,-7893.0,0.0000000
7,121,-7945.0,-7945.0,0.0000000
7,122,-7863.0,-7863.0,0.0000000
7,123,-7453.0,-7453.0,0.0000000
7,124,-7807.0,-7807.0,0.0000000
8,0,-10483.0,-10483.0,0.0000000
8,1,-10304.0,-10304.0,0.0000000
8,2,-10324.0,-10324.0,0.0000000
8,3,-10592.0,-10592.0,0.0000000
8,4,-10478.0,-10478.0,0.0000000
8,5,-10149.0,-10149.0,0.0000000
8,6,-10239.0,-10239.0,0.0000000
8,7,-10235.0,-10235.0,0.0000000
8,8,-10176.0,-10176.0,0.0000000
8,9,-10225.0,-10225.0,0.0000000
8,10,-10535.0,-10535.0,0.0000000
8,11,-10320.0,-10320.0,0.0000000
8,12,-10261.0,-10261.0,0.0000000
8,13,-10232.0,-10232.0,0.0000000
8,14,-10344.0,-10344.0,0.0000000
8,15,-10576.0,-10576.0,0.0000000
8,16,-10612.0,-10612.0,0.0000000
8,17,-10316.0,-10316.0,0.0000000
8,18,-10393.0,-10393.0,0.0000000
8,19,-10367.0,-10367.0,0.0000000
8,20,-10660.0,-10660.0,0.0000000
8,21,-10460.0,-10460.0,0.0000000
8,22,-10305.0,-10305.0,0.0000000
8,23,-10438.0,-10438.0,0.0000000
8,24,-10282.0,-10282.0,0.0000000
8,25,-10583.0,-10583.0,0.0000000
8,26,-10301.0,-10301.0,0.0000000
8,27,-10441.0,-10441.0,0.0000000
8,28,-10690.0,-10690.0,0.0000000
8,29,-10463.0,-10463.0,0.0000000
8,30,-10159.0,-10159.0,0.0000000
8,31,-10698.0,-10698.0,0.0000000
8,32,-10392.0,-10392.0,0.0000000
8,33,-10477.0,-10477.0,0.0000000
8,34,-10676.0,-10676.0,0.0000000
8,35,-10612.0,-10612.0,0.0000000
8,36,-10342.0,-10342.0,0.0000000
8,37,-10429.0,-10429.0,0.0000000
8,38,-10381.0,-10381.0,0.0000000
8,39,-10666.0,-10666.0,0.0000000
8,40,-10111.0,-10111.0,0.0000000
8,41,-10361.0,-10361.0,0.0000000
8,42,-10494.0,-10494.0,0.0000000
8,43,-10065.0,-10065.0,0.0000000
8,44,-10438.0,-10438.0,0.0000000
8,45,-10425.0,-10425.0,0.0000000
8,46,-10373.0,-10373.0,0.0000000
8,47,-10323.0,-10323.0,0.0000000
8,48,-10791.0,-10791.0,0.0000000
8,49,-10298.0,-10298.0,0.0000000
8,50,-9986.0,-9986.0,0.0000000
8,51,-10833.0,-10833.0,0.0000000
8,52,-10212.0,-10212.0,0.0000000
8,53,-9948.0,-9948.0,0.0000000
8,54,-10395.0,-10395.0,0.0000000
8,55,-10317.0,-10317.0,0.0000000
8,56,-10608.0,-10608.0,0.0000000
8,57,-10375.0,-10375.0,0.0000000
8,58,-10271.0,-10271.0,0.0000000
8,59,-10268.0,-10268.0,0.0000000
8,60,-10153.0,-10153.0,0.0000000
8,61,-10327.0,-10327.0,0.0000000
8,62,-10366.0,-10366.0,0.0000000
8,63,-10312.0,-10312.0,0.0000000
8,64,-10329.0,-10329.0,0.0000000
8,65,-10693.0,-10693.0,0.0000000
8,66,-10310.0,-10310.0,0.0000000
8,67,-10266.0,-10266.0,0.0000000
8,68,-11006.0,-11006.0,0.0000000
8,69,-10467.0,-10467.0,0.0000000
8,70,-10450.0,-10450.0,0.0000000
8,71,-10717.0,-10717.0,0.0000000
8,72,-10471.0,-10471.0,0.0000000
8,73,-10179.0,-10179.0,0.0000000
8,74,-10092.0,-10092.0,0.0000000
8,75,-10548.0,-10548.0,0.0000000
8,76,-10210.0,-10210.0,0.0000000
8,77,-10168.0,-10168.0,0.0000000
8,78,-9966.0,-9966.0,0.0000000
8,79,-10548.0,-10548.0,0.0000000
8,80,-10653.0,-10653.0,0.0000000
8,81,-10440.0,-10440.0,0.0000000
8,82,-10236.0,-10236.0,0.0000000
8,83,-10684.0,-10684.0,0.0000000
8,84,-10293.0,-10293.0,0.0000000
8,85,-10403.0,-10403.0,0.0000000
8,86,-10431.0,-10431.0,0.0000000
8,87,-10142.0,-10142.0,0.0000000
8,88,-10171.0,-10171.0,0.0000000
8,89,-10425.0,-10425.0,0.0000000
8,90,-10322.0,-10322.0,0.0000000
8,91,-10460.0,-10460.0,0.0000000
8,92,-10086.0,-10086.0,0.0000000
8,93,-10623.0,-10623.0,0.0000000
8,94,-10354.0,-10354.0,0.0000000
8,95,-10456.0,-10456.0,0.0000000
8,96,-10278.0,-10278.0,0.0000000
8,97,-10678.0,-10678.0,0.0000000
8,98,-10212.0,-10212.0,0.0000000
8,99,-10377.0,-10377.0,0.0000000
8,100,-10097.0,-10097.0,0.0000000
8,101,-10473.0,-10473.0,0.0000000
8,102,-10737.0,-10737.0,0.0000000
8,103,-10255.0,-10255.0,0.0000000
8,104,-10073.0,-10073.0,0.0000000
8,105,-10512.0,-10512.0,0.0000000
8,106,-10562.0,-10562.0,0.0000000
8,107,-10271.0,-10271.0,0.0000000
8,108,-9948.0,-9948.0,0.0000000
8,109,-10631.0,-10631.0,0.0000000
8,110,-10294.0,-10294.0,0.0000000
8,111,-10278.0,-10278.0,0.0000000
8,112,-9894.0,-9894.0,0.0000000
8,113,-10266.0,-10266.0,0.0000000
8,114,-10186.0,-10186.0,0.0000000
8,115,-10578.0,-10578.0,0.0000000
8,116,-10451.0,-10451.0,0.0000000
8,117,-10298.0,-10298.0,0.0000000
8,118,-10345.0,-10345.0,0.0000000
8,119,-10152.0,-10152.0,0.0000000
8,120,-10529.0,-10529.0,0.0000000
8,121,-10400.0,-10400.0,0.0000000
8,122,-10290.0,-10290.0,0.0000000
8,123,-10529.0,-10529.0,0.0000000
8,124,-10296.0,-10296.0,0.0000000
9,0,-13512.0,-13512.0,0.0000000
9,1,-13812.0,-13812.0,0.0000000
9,2,-13033.0,-13033.0,0.0000000
9,3,-13375.0,-13375.0,0.0000000
9,4,-12999.0,-12999.0,0.0000000
9,5,-12874.0,-12874.0,0.0000000
9,6,-13188.0,-13188.0,0.0000000
9,7,-13273.0,-13273.0,0.0000000
9,8,-12781.0,-12781.0,0.0000000
9,9,-13222.0,-13222.0,0.0000000
9,10,-13338.0,-13338.0,0.0000000
9,11,-13039.0,-13039.0,0.0000000
9,12,-13498.0,-13498.0,0.0000000
9,13,-13297.0,-13297.0,0.0000000
9,14,-13372.0,-13372.0,0.0000000
9,15,-13297.0,-13297.0,0.0000000
9,16,-13112.0,-13112.0,0.0000000
9,17,-13314.0,-13314.0,0.0000000
9,18,-13584.0,-13584.0,0.0000000
9,19,-13145.0,-13145.0,0.0000000
9,20,-13484.0,-13484.0,0.0000000
9,21,-13047.0,-13047.0,0.0000000
9,22,-13405.0,-13405.0,0.0000000
9,23,-12911.0,-12911.0,0.0000000
9,24,-13214.0,-13214.0,0.0000000
9,25,-13254.0,-13254.0,0.0000000
9,26,-13286.0,-13286.0,0.0000000
9,27,-13281.0,-13281.0,0.0000000
9,28,-13175.0,-13175.0,0.0000000
9,29,-12790.0,-12790.0,0.0000000
9,30,-13367.0,-13367.0,0.0000000
9,31,-13486.0,-13486.0,0.0000000
9,32,-12997.0,-12997.0,0.0000000
9,33,-13493.0,-13493.0,0.0000000
9,34,-13367.0,-13367.0,0.0000000
9,35,-13244.0,-13244.0,0.0000000
9,36,-13173.0,-13173.0,0.0000000
9,37,-13453.0,-13453.0,0.0000000
9,38,-13103.0,-13103.0,0.0000000
9,39,-13323.0,-13323.0,0.0000000
9,40,-13498.0,-13498.0,0.0000000
9,41,-13290.0,-13290.0,0.0000000
9,42,-13163.0,-13163.0,0.0000000
9,43,-13180.0,-13180.0,0.0000000
9,44,-13303.0,-13303.0,0.0000000
9,45,-12993.0,-12993.0,0.0000000
9,46,-13143.0,-13143.0,0.0000000
9,47,-13460.0,-13460.0,0.0000000
9,48,-13318.0,-13318.0,0.0000000
9,49,-12953.0,-12953.0,0.0000000
9,50,-13362.0,-13362.0,0.0000000
9,51,-13480.0,-13480.0,0.0000000
9,52,-13068.0,-13068.0,0.0000000
9,53,-13302.0,-13302.0,0.0000000
9,54,-13348.0,-13348.0,0.0000000
9,55,-13483.0,-13483.0,0.0000000
9,56,-13229.0,-13229.0,0.0000000
9,57,-13171.0,-13171.0,0.0000000
9,58,-12793.0,-12793.0,0.0000000
9,59,-13444.0,-13444.0,0.0000000
9,60,-13445.0,-13445.0,0.0000000
9,61,-13254.0,-13254.0,0.0000000
9,62,-13360.0,-13360.0,0.0000000
9,63,-13070.0,-13070.0,0.0000000
9,64,-13276.0,-13276.0,0.0000000
9,65,-13363.0,-13363.0,0.0000000
9,66,-13157.0,-13157.0,0.0000000
9,67,-13220.0,-13220.0,0.0000000
9,68,-13160.0,-13160.0,0.0000000
9,69,-13050.0,-13050.0,0.0000000
9,70,-13393.0,-13393.0,0.0000000
9,71,-13046.0,-13046.0,0.0000000
9,72,-13468.0,-13468.0,0.0000000
9,73,-13093.0,-13093.0,0.0000000
9,74,-13417.0,-13417.0,0.0000000
9,75,-13095.0,-13095.0,0.0000000
9,76,-13001.0,-13001.0,0.0000000
9,77,-13404.0,-13404.0,0.0000000
9,78,-13317.0,-13317.0,0.0000000
9,79,-13400.0,-13400.0,0.0000000
9,80,-13064.0,-13064.0,0.0000000
9,81,-13248.0,-13248.0,0.0000000
9,82,-13252.0,-13252.0,0.0000000
9,83,-13372.0,-13372.0,0.0000000
9,84,-13359.0,-13359.0,0.0000000
9,85,-13115.0,-13115.0,0.0000000
9,86,-13121.0,-13121.0,0.0000000
9,87,-13428.0,-13428.0,0.0000000
9,88,-13070.0,-13070.0,0.0000000
9,89,-13409.0,-13409.0,0.0000000
9,90,-13558.0,-13558.0,0.0000000
9,91,-13207.0,-13207.0,0.0000000
9,92,-13138.0,-13138.0,0.0000000
9,93,-13347.0,-13347.0,0.0000000
9,94,-13219.0,-13219.0,0.0000000
9,95,-13239.0,-13239.0,0.0000000
9,96,-13359.0,-13359.0,0.0000000
9,97,-13058.0,-13058.0,0.0000000
9,98,-13397.0,-13397.0,0.0000000
9,99,-13038.0,-13038.0,0.0000000
9,100,-13475.0,-13475.0,0.0000000
9,101,-13309.0,-13309.0,0.0000000
9,102,-13351.0,-13351.0,0.0000000
9,103,-13144.0,-13144.0,0.0000000
9,104,-13226.0,-13226.0,0.0000000
9,105,-13513.0,-13513.0,0.0000000
9,106,-13309.0,-13309.0,0.0000000
9,107,-13161.0,-13161.0,0.0000000
9,108,-13221.0,-13221.0,0.0000000
9,109,-13323.0,-13323.0,0.0000000
9,110,-13311.0,-13311.0,0.0000000
9,111,-12924.0,-12924.0,0.0000000
9,112,-12986.0,-12986.0,0.0000000
9,113,-13459.0,-13459.0,0.0000000
9,114,-13134.0,-13134.0,0.0000000
9,115,-13291.0,-13291.0,0.0000000
9,116,-13098.0,-13098.0,0.0000000
9,117,-12942.0,-12942.0,0.0000000
9,118,-13425.0,-13425.0,0.0000000
9,119,-13021.0,-13021.0,0.0000000
9,120,-13486.0,-13486.0,0.0000000
9,121,-13282.0,-13282.0,0.0000000
9,122,-13683.0,-13683.0,0.0000000
9,123,-13367.0,-13367.0,0.0000000
9,124,-13449.0,-13449.0,0.0000000
10,0,-16128.0,-16128.0,0.0000000
10,1,-16535.0,-16535.0,0.0000000
10,2,-16690.0,-16690.0,0.0000000
10,3,-15860.0,-15860.0,0.0000000
10,4,-16922.0,-16922.0,0.0000000
10,5,-16580.0,-16580.0,0.0000000
10,6,-16577.0,-16577.0,0.0000000
10,7,-16417.0,-16417.0,0.0000000
10,8,-16375.0,-16375.0,0.0000000
10,9,-16557.0,-16557.0,0.0000000
10,10,-16409.0,-16409.0,0.0000000
10,11,-16540.0,-16540.0,0.0000000
10,12,-16475.0,-16475.0,0.0000000
10,13,-16559.0,-16559.0,0.0000000
10,14,-16492.0,-16492.0,0.0000000
10,15,-16713.0,-16713.0,0.0000000
10,16,-16749.0,-16749.0,0.0000000
10,17,-16636.0,-16636.0,0.0000000
10,18,-16395.0,-16395.0,0.0000000
10,19,-16337.0,-16337.0,0.0000000
10,20,-16456.0,-16456.0,0.0000000
10,21,-17007.0,-17007.0,0.0000000
10,22,-16865.0,-16865.0,0.0000000
10,23,-16870.0,-16870.0,0.0000000
10,24,-16745.0,-16745.0,0.0000000
10,25,-16970.0,-16970.0,0.0000000
10,26,-16615.0,-16615.0,0.0000000
10,27,-16837.0,-16837.0,0.0000000
10,28,-16683.0,-16683.0,0.0000000
10,29,-16236.0,-16236.0,0.0000000
10,30,-16565.0,-16565.0,0.0000000
10,31,-16084.0,-16084.0,0.0000000
10,32,-16705.0,-16705.0,0.0000000
10,33,-16804.0,-16804.0,0.0000000
10,34,-16707.0,-16707.0,0.0000000
10,35,-16790.0,-16790.0,0.0000000
10,36,-16511.0,-16511.0,0.0000000
10,37,-16692.0,-16692.0,0.0000000
10,38,-16538.0,-16538.0,0.0000000
10,39,-16629.0,-16629.0,0.0000000
10,40,-16038.0,-16038.0,0.0000000
10,41,-16045.0,-16045.0,0.0000000
10,42,-16688.0,-16688.0,0.0000000
10,43,-16646.0,-16646.0,0.0000000
10,44,-16525.0,-16525.0,0.0000000
10,45,-16806.0,-16806.0,0.0000000
10,46,-16407.0,-16407.0,0.0000000
10,47,-16750.0,-16750.0,0.0000000
10,48,-16403.0,-16403.0,0.0000000
10,49,-16468.0,-16468.0,0.0000000
10,50,-16691.0,-16691.0,0.0000000
10,51,-16894.0,-16894.0,0.0000000
10,52,-16457.0,-16457.0,0.0000000
10,53,-16260.0,-16260.0,0.0000000
10,54,-16496.0,-16496.0,0.0000000
10,55,-16633.0,-16633.0,0.0000000
10,56,-16385.0,-16385.0,0.0000000
10,57,-16765.0,-16765.0,0.0000000
10,58,-16293.0,-16293.0,0.0000000
10,59,-16089.0,-16089.0,0.0000000
10,60,-16511.0,-16511.0,0.0000000
10,61,-16271.0,-16271.0,0.0000000
10,62,-16333.0,-16333.0,0.0000000
10,63,-16871.0,-16871.0,0.0000000
10,64,-17021.0,-17021.0,0.0000000
10,65,-16288.0,-16288.0,0.0000000
10,66,-16369.0,-16369.0,0.0000000
10,67,-16684.0,-16684.0,0.0000000
10,68,-16901.0,-16901.0,0.0000000
10,69,-16747.0,-16747.0,0.0000000
10,70,-16619.0,-16619.0,0.0000000
10,71,-16518.0,-16518.0,0.0000000
10,72,-16558.0,-16558.0,0.0000000
10,73,-16716.0,-16716.0,0.0000000
10,74,-16579.0,-16579.0,0.0000000
10,75,-16290.0,-16290.0,0.0000000
10,76,-16651.0,-16651.0,0.0000000
10,77,-16501.0,-16501.0,0.0000000
10,78,-16058.0,-16058.0,0.0000000
10,79,-16649.0,-16649.0,0.0000000
10,80,-16865.0,-16865.0,0.0000000
10,81,-16679.0,-16679.0,0.0000000
10,82,-16566.0,-16566.0,0.0000000
10,83,-16002.0,-16002.0,0.0000000
10,84,-16659.0,-16659.0,0.0000000
10,85,-16658.0,-16658.0,0.0000000
10,86,-16912.0,-16912.0,0.0000000
10,87,-16262.0,-16262.0,0.0000000
10,88,-16282.0,-16282.0,0.0000000
10,89,-16456.0,-16456.0,0.0000000
10,90,-16614.0,-16614.0,0.0000000
10,91,-16298.0,-16298.0,0.0000000
10,92,-16564.0,-16564.0,0.0000000
10,93,-16015.0,-16015.0,0.0000000
10,94,-16296.0,-16296.0,0.0000000
10,95,-16447.0,-16447.0,0.0000000
10,96,-16605.0,-16605.0,0.0000000
10,97,-16494.0,-16494.0,0.0000000
10,98,-16893.0,-16893.0,0.0000000
10,99,-16404.0,-16404.0,0.0000000
10,100,-16906.0,-16906.0,0.0000000
10,101,-16525.0,-16525.0,0.0000000
10,102,-16332.0,-16332.0,0.0000000
10,103,-16591.0,-16591.0,0.0000000
10,104,-16912.0,-16912.0,0.0000000
10,105,-16214.0,-16214.0,0.0000000
10,106,-16521.0,-16521.0,0.0000000
10,107,-16511.0,-16511.0,0.0000000
10,108,-16243.0,-16243.0,0.0000000
10,109,-16312.0,-16312.0,0.0000000
10,110,-16559.0,-16559.0,0.0000000
10,111,-16772.0,-16772.0,0.0000000
10,112,-16905.0,-16905.0,0.0000000
10,113,-16227.0,-16227.0,0.0000000
10,114,-16721.0,-16721.0,0.0000000
10,115,-16396.0,-16396.0,0.0000000
10,116,-16716.0,-16716.0,0.0000000
10,117,-16558.0,-16558.0,0.0000000
10,118,-16594.0,-16594.0,0.0000000
10,119,-16806.0,-16806.0,0.0000000
10,120,-16655.0,-16655.0,0.0000000
10,121,-16456.0,-16456.0,0.0000000
10,122,-16596.0,-16596.0,0.0000000
10,123,-16606.0,-16606.0,0.0000000
10,124,-16999.0,-16999.0,0.0000000
11,0,-19984.0,-19984.0,0.0000000
11,1,-19965.0,-19965.0,0.0000000
11,2,-19781.0,-19781.0,0.0000000
11,3,-19899.0,-19899.0,0.0000000
11,4,-19875.0,-19875.0,0.0000000
11,5,-19946.0,-19946.0,0.0000000
11,6,-20054.0,-20054.0,0.0000000
11,7,-20418.0,-20418.0,0.0000000
11,8,-20388.0,-20388.0,0.0000000
11,9,-20168.0,-20168.0,0.0000000
11,10,-19468.0,-19468.0,0.0000000
11,11,-20278.0,-20278.0,0.0000000
11,12,-19521.0,-19521.0,0.0000000
11,13,-20282.0,-20282.0,0.0000000
11,14,-20380.0,-20380.0,0.0000000
11,15,-19844.0,-19844.0,0.0000000
11,16,-20040.0,-20040.0,0.0000000
11,17,-19926.0,-19926.0,0.0000000
11,18,-19624.0,-19624.0,0.0000000
11,19,-20064.0,-20064.0,0.0000000
11,20,-19926.0,-19926.0,0.0000000
11,21,-19994.0,-19994.0,0.0000000
11,22,-20159.0,-20159.0,0.0000000
11,23,-20254.0,-20254.0,0.0000000
11,24,-20129.0,-20129.0,0.0000000
11,25,-19850.0,-19850.0,0.0000000
11,26,-19947.0,-19947.0,0.0000000
11,27,-19844.0,-19844.0,0.0000000
11,28,-20056.0,-20056.0,0.0000000
11,29,-20164.0,-20164.0,0.0000000
11,30,-19811.0,-19811.0,0.0000000
11,31,-19982.0,-19982.0,0.0000000
11,32,-20387.0,-20387.0,0.0000000
11,33,-19771.0,-19771.0,0.0000000
11,34,-20177.0,-20177.0,0.0000000
11,35,-20067.0,-20067.0,0.0000000
11,36,-20199.0,-20199.0,0.0000000
11,37,-19805.0,-19805.0,0.0000000
11,38,-19927.0,-19927.0,0.0000000
11,39,-19960.0,-19960.0,0.0000000
11,40,-19822.0,-19822.0,0.0000000
11,41,-20804.0,-20804.0,0.0000000
11,42,-19759.0,-19759.0,0.0000000
11,43,-20831.0,-20831.0,0.0000000
11,44,-20331.0,-20331.0,0.0000000
11,45,-19773.0,-19773.0,0.0000000
11,46,-19642.0,-19642.0,0.0000000
11,47,-20131.0,-20131.0,0.0000000
11,48,-20030.0,-20030.0,0.0000000
11,49,-19981.0,-19981.0,0.0000000
11,50,-19396.0,-19396.0,0.0000000
11,51,-20019.0,-20019.0,0.0000000
11,52,-20290.0,-20290.0,0.0000000
11,53,-20201.0,-20201.0,0.0000000
11,54,-19745.0,-19745.0,0.0000000
11,55,-20015.0,-20015.0,0.0000000
11,56,-19684.0,-19684.0,0.0000000
11,57,-19877.0,-19877.0,0.0000000
11,58,-19480.0,-19480.0,0.0000000
11,59,-20349.0,-20349.0,0.0000000
11,60,-20244.0,-20244.0,0.0000000
11,61,-19575.0,-19575.0,0.0000000
11,62,-20031.0,-20031.0,0.0000000
11,63,-20138.0,-20138.0,0.0000000
11,64,-20110.0,-20110.0,0.0000000
11,65,-19671.0,-19671.0,0.0000000
11,66,-20042.0,-20042.0,0.0000000
11,67,-19616.0,-19616.0,0.0000000
11,68,-20211.0,-20211.0,0.0000000
11,69,-20063.0,-20063.0,0.0000000
11,70,-20012.0,-20012.0,0.0000000
11,71,-19706.0,-19706.0,0.0000000
11,72,-20130.0,-20130.0,0.0000000
11,73,-20015.0,-20015.0,0.0000000
11,74,-19825.0,-19825.0,0.0000000
11,75,-19753.0,-19753.0,0.0000000
11,76,-20262.0,-20262.0,0.0000000
11,77,-20694.0,-20694.0,0.0000000
11,78,-20011.0,-20011.0,0.0000000
11,79,-20411.0,-20411.0,0.0000000
11,80,-20180.0,-20180.0,0.0000000
11,81,-20070.0,-20070.0,0.0000000
11,82,-20053.0,-20053.0,0.0000000
11,83,-20011.0,-20011.0,0.0000000
11,84,-20176.0,-20176.0,0.0000000
11,85,-20047.0,-20047.0,0.0000000
11,86,-20389.0,-20389.0,0.0000000
11,87,-20311.0,-20311.0,0.0000000
11,88,-20461.0,-20461.0,0.0000000
11,89,-20255.0,-20255.0,0.0000000
11,90,-19867.0,-19867.0,0.0000000
11,91,-20295.0,-20295.0,0.0000000
11,92,-20205.0,-20205.0,0.0000000
11,93,-19920.0,-19920.0,0.0000000
11,94,-20789.0,-20789.0,0.0000000
11,95,-20369.0,-20369.0,0.0000000
11,96,-20071.0,-20071.0,0.0000000
11,97,-20206.0,-20206.0,0.0000000
11,98,-19865.0,-19865.0,0.0000000
11,99,-20021.0,-20021.0,0.0000000
11,100,-20179.0,-20179.0,0.0000000
11,101,-19866.0,-19866.0,0.0000000
11,102,-20172.0,-20172.0,0.0000000
11,103,-19902.0,-19902.0,0.0000000
11,104,-20538.0,-20538.0,0.0000000
11,105,-19962.0,-19962.0,0.0000000
11,106,-20239.0,-20239.0,0.0000000
11,107,-19918.0,-19918.0,0.0000000
11,108,-19967.0,-19967.0,0.0000000
11,109,-20206.0,-20206.0,0.0000000
11,110,-20311.0,-20311.0,0.0000000
11,111,-20149.0,-20149.0,0.0000000
11,112,-20480.0,-20480.0,0.0000000
11,113,-20259.0,-20259.0,0.0000000
11,114,-20019.0,-20019.0,0.0000000
11,115,-20532.0,-20532.0,0.0000000
11,116,-20119.0,-20119.0,0.0000000
11,117,-20241.0,-20241.0,0.0000000
11,118,-20376.0,-20376.0,0.0000000
11,119,-20388.0,-20388.0,0.0000000
11,120,-19895.0,-19895.0,0.0000000
11,121,-20067.0,-20067.0,0.0000000
11,122,-19922.0,-19922.0,0.0000000
11,123,-20100.0,-20100.0,0.0000000
11,124,-19877.0,-19877.0,0.0000000
12,0,-24078.0,-24078.0,0.0000000
12,1,-24188.0,-24188.0,0.0000000
12,2,-23655.0,-23655.0,0.0000000
12,3,-24544.0,-24544.0,0.0000000
12,4,-23980.0,-23980.0,0.0000000
12,5,-24073.0,-24073.0,0.0000000
12,6,-24692.0,-24692.0,0.0000000
12,7,-24219.0,-24219.0,0.0000000
12,8,-24119.0,-24119.0,0.0000000
12,9,-23748.0,-23748.0,0.0000000
12,10,-23651.0,-23651.0,0.0000000
12,11,-24439.0,-24439.0,0.0000000
12,12,-24065.0,-24065.0,0.0000000
12,13,-23995.0,-23995.0,0.0000000
12,14,-24084.0,-24084.0,0.0000000
12,15,-24088.0,-24088.0,0.0000000
12,16,-23649.0,-23649.0,0.0000000
12,17,-23522.0,-23522.0,0.0000000
12,18,-23960.0,-23960.0,0.0000000
12,19,-24029.0,-24029.0,0.0000000
12,20,-24078.0,-24078.0,0.0000000
12,21,-24541.0,-24541.0,0.0000000
12,22,-24431.0,-24431.0,0.0000000
12,23,-24406.0,-24406.0,0.0000000
12,24,-23995.0,-23995.0,0.0000000
12,25,-23838.0,-23838.0,0.0000000
12,26,-24264.0,-24264.0,0.0000000
12,27,-23352.0,-23352.0,0.0000000
12,28,-23903.0,-23903.0,0.0000000
12,29,-23544.0,-23544.0,0.0000000
12,30,-24061.0,-24061.0,0.0000000
12,31,-24050.0,-24050.0,0.0000000
12,32,-23781.0,-23781.0,0.0000000
12,33,-24077.0,-24077.0,0.0000000
12,34,-24151.0,-24151.0,0.0000000
12,35,-23955.0,-23955.0,0.0000000
12,36,-24339.0,-24339.0,0.0000000
12,37,-23983.0,-23983.0,0.0000000
12,38,-23573.0,-23573.0,0.0000000
12,39,-24090.0,-24090.0,0.0000000
12,40,-24079.0,-24079.0,0.0000000
12,41,-23679.0,-23679.0,0.0000000
12,42,-24197.0,-24197.0,0.0000000
12,43,-23812.0,-23812.0,0.0000000
12,44,-24190.0,-24190.0,0.0000000
12,45,-24249.0,-24249.0,0.0000000
12,46,-24063.0,-24063.0,0.0000000
12,47,-24159.0,-24159.0,0.0000000
12,48,-24022.0,-24022.0,0.0000000
12,49,-23417.0,-23417.0,0.0000000
12,50,-24715.0,-24715.0,0.0000000
12,51,-24294.0,-24294.0,0.0000000
12,52,-24286.0,-24286.0,0.0000000
12,53,-24052.0,-24052.0,0.0000000
12,54,-24026.0,-24026.0,0.0000000
12,55,-24431.0,-24431.0,0.0000000
12,56,-24182.0,-24182.0,0.0000000
12,57,-23816.0,-23816.0,0.0000000
12,58,-24087.0,-24087.0,0.0000000
12,59,-24178.0,-24178.0,0.0000000
12,60,-24179.0,-24179.0,0.0000000
12,61,-23880.0,-23880.0,0.0000000
12,62,-24123.0,-24123.0,0.0000000
12,63,-23716.0,-23716.0,0.0000000
12,64,-24172.0,-24172.0,0.0000000
12,65,-23678.0,-23678.0,0.0000000
12,66,-24115.0,-24115.0,0.0000000
12,67,-23711.0,-23711.0,0.0000000
12,68,-23526.0,-23526.0,0.0000000
12,69,-24086.0,-24086.0,0.0000000
12,70,-24271.0,-24271.0,0.0000000
12,71,-23716.0,-23716.0,0.0000000
12,72,-24392.0,-24392.0,0.0000000
12,73,-24554.0,-24554.0,0.0000000
12,74,-23675.0,-23675.0,0.0000000
12,75,-24567.0,-24567.0,0.0000000
12,76,-23733.0,-23733.0,0.0000000
12,77,-24192.0,-24192.0,0.0000000
12,78,-23866.0,-23866.0,0.0000000
12,79,-23151.0,-23151.0,0.0000000
12,80,-23453.0,-23453.0,0.0000000
12,81,-24023.0,-24023.0,0.0000000
12,82,-24429.0,-24429.0,0.0000000
12,83,-23969.0,-23969.0,0.0000000
12,84,-24088.0,-24088.0,0.0000000
12,85,-24039.0,-24039.0,0.0000000
12,86,-23736.0,-23736.0,0.0000000
12,87,-23594.0,-23594.0,0.0000000
12,88,-23909.0,-23909.0,0.0000000
12,89,-23868.0,-23868.0,0.0000000
12,90,-23527.0,-23527.0,0.0000000
12,91,-23924.0,-23924.0,0.0000000
12,92,-23564.0,-23564.0,0.0000000
12,93,-23569.0,-23569.0,0.0000000
12,94,-23852.0,-23852.0,0.0000000
12,95,-23887.0,-23887.0,0.0000000
12,96,-23076.0,-23076.0,0.0000000
12,97,-23629.0,-23629.0,0.0000000
12,98,-23975.0,-23975.0,0.0000000
12,99,-23557.0,-23557.0,0.0000000
12,100,-24037.0,-24037.0,0.0000000
12,101,-24015.0,-24015.0,0.0000000
12,102,-24159.0,-24159.0,0.0000000
12,103,-24015.0,-24015.0,0.0000000
12,104,-23613.0,-23613.0,0.0000000
12,105,-23615.0,-23615.0,0.0000000
12,106,-23785.0,-23785.0,0.0000000
12,107,-24184.0,-24184.0,0.0000000
12,108,-23930.0,-23930.0,0.0000000
12,109,-23765.0,-23765.0,0.0000000
12,110,-24034.0,-24034.0,0.0000000
12,111,-24092.0,-24092.0,0.0000000
12,112,-24383.0,-24383.0,0.0000000
12,113,-23948.0,-23948.0,0.0000000
12,114,-23882.0,-23882.0,0.0000000
12,115,-23985.0,-23985.0,0.0000000
12,116,-24143.0,-24143.0,0.0000000
12,117,-23715.0,-23715.0,0.0000000
12,118,-24283.0,-24283.0,0.0000000
12,119,-23861.0,-23861.0,0.0000000
12,120,-23910.0,-23910.0,0.0000000
12,121,-23774.0,-23774.0,0.0000000
12,122,-23913.0,-23913.0,0.0000000
12,123,-24043.0,-24043.0,0.0000000
12,124,-23705.0,-23705.0,0.0000000
13,0,-28051.0,-28051.0,0.0000000
13,1,-28337.0,-28337.0,0.0000000
13,2,-27857.0,-27857.0,0.0000000
13,3,-27887.0,-27887.0,0.0000000
13,4,-28200.0,-28200.0,0.0000000
13,5,-28175.0,-28175.0,0.0000000
13,6,-28322.0,-28322.0,0.0000000
13,7,-28778.0,-28778.0,0.0000000
13,8,-28599.0,-28599.0,0.0000000
13,9,-27895.0,-27895.0,0.0000000
13,10,-27590.0,-27590.0,0.0000000
13,11,-28080.0,-28080.0,0.0000000
13,12,-28052.0,-28052.0,0.0000000
13,13,-28300.0,-28300.0,0.0000000
13,14,-28116.0,-28116.0,0.0000000
13,15,-28053.0,-28053.0,0.0000000
13,16,-28105.0,-28105.0,0.0000000
13,17,-28295.0,-28295.0,0.0000000
13,18,-27782.0,-27782.0,0.0000000
13,19,-28687.0,-28687.0,0.0000000
13,20,-28055.0,-28055.0,0.0000000
13,21,-27963.0,-27963.0,0.0000000
13,22,-27925.0,-27925.0,0.0000000
13,23,-27842.0,-27842.0,0.0000000
13,24,-27942.0,-27942.0,0.0000000
13,25,-28304.0,-28304.0,0.0000000
13,26,-28251.0,-28251.0,0.0000000
13,27,-28405.0,-28405.0,0.0000000
13,28,-27714.0,-27714.0,0.0000000
13,29,-28299.0,-28299.0,0.0000000
13,30,-27597.0,-27597.0,0.0000000
13,31,-28436.0,-28436.0,0.0000000
13,32,-28717.0,-28717.0,0.0000000
13,33,-28508.0,-28508.0,0.0000000
13,34,-28632.0,-28632.0,0.0000000
13,35,-27827.0,-27827.0,0.0000000
13,36,-28503.0,-28503.0,0.0000000
13,37,-28105.0,-28105.0,0.0000000
13,38,-28617.0,-28617.0,0.0000000
13,39,-28792.0,-28792.0,0.0000000
13,40,-28168.0,-28168.0,0.0000000
13,41,-28306.0,-28306.0,0.0000000
13,42,-28096.0,-28096.0,0.0000000
13,43,-28544.0,-28544.0,0.0000000
13,44,-27772.0,-27772.0,0.0000000
13,45,-28202.0,-28202.0,0.0000000
13,46,-28383.0,-28383.0,0.0000000
13,47,-28402.0,-28402.0,0.0000000
13,48,-28381.0,-28381.0,0.0000000
13,49,-27578.0,-27578.0,0.0000000
13,50,-28180.0,-28180.0,0.0000000
13,51,-28456.0,-28456.0,0.0000000
13,52,-28246.0,-28246.0,0.0000000
13,53,-28077.0,-28077.0,0.0000000
13,54,-28300.0,-28300.0,0.0000000
13,55,-28681.0,-28681.0,0.0000000
13,56,-27746.0,-27746.0,0.0000000
13,57,-28446.0,-28446.0,0.0000000
13,58,-28459.0,-28459.0,0.0000000
13,59,-29016.0,-29016.0,0.0000000
13,60,-28278.0,-28278.0,0.0000000
13,61,-28324.0,-28324.0,0.0000000
13,62,-27913.0,-27913.0,0.0000000
13,63,-28156.0,-28156.0,0.0000000
13,64,-28719.0,-28719.0,0.0000000
13,65,-28507.0,-28507.0,0.0000000
13,66,-28084.0,-28084.0,0.0000000
13,67,-28145.0,-28145.0,0.0000000
13,68,-28169.0,-28169.0,0.0000000
13,69,-28776.0,-28776.0,0.0000000
13,70,-28579.0,-28579.0,0.0000000
13,71,-27768.0,-27768.0,0.0000000
13,72,-28006.0,-28006.0,0.0000000
13,73,-28047.0,-28047.0,0.0000000
13,74,-27640.0,-27640.0,0.0000000
13,75,-28271.0,-28271.0,0.0000000
13,76,-28133.0,-28133.0,0.0000000
13,77,-28313.0,-28313.0,0.0000000
13,78,-27876.0,-27876.0,0.0000000
13,79,-28115.0,-28115.0,0.0000000
13,80,-27922.0,-27922.0,0.0000000
13,81,-28169.0,-28169.0,0.0000000
13,82,-28492.0,-28492.0,0.0000000
13,83,-27969.0,-27969.0,0.0000000
13,84,-29023.0,-29023.0,0.0000000
13,85,-28684.0,-28684.0,0.0000000
13,86,-28230.0,-28230.0,0.0000000
13,87,-28337.0,-28337.0,0.0000000
13,88,-29064.0,-29064.0,0.0000000
13,89,-27972.0,-27972.0,0.0000000
13,90,-28266.0,-28266.0,0.0000000
13,91,-28481.0,-28481.0,0.0000000
13,92,-28458.0,-28458.0,0.0000000
13,93,-28521.0,-28521.0,0.0000000
13,94,-27780.0,-27780.0,0.0000000
13,95,-28252.0,-28252.0,0.0000000
13,96,-28264.0,-28264.0,0.0000000
13,97,-28668.0,-28668.0,0.0000000
13,98,-28356.0,-28356.0,0.0000000
13,99,-27803.0,-27803.0,0.0000000
13,100,-28266.0,-28266.0,0.0000000
13,101,-28622.0,-28622.0,0.0000000
13,102,-28678.0,-28678.0,0.0000000
13,103,-28555.0,-28555.0,0.0000000
13,104,-28207.0,-28207.0,0.0000000
13,105,-28490.0,-28490.0,0.0000000
13,106,-28472.0,-28472.0,0.0000000
13,107,-28319.0,-28319.0,0.0000000
13,108,-28297.0,-28297.0,0.0000000
13,109,-28201.0,-28201.0,0.0000000
13,110,-28417.0,-28417.0,0.0000000
13,111,-28291.0,-28291.0,0.0000000
13,112,-28102.0,-28102.0,0.0000000
13,113,-27951.0,-27951.0,0.0000000
13,114,-28317.0,-28317.0,0.0000000
13,115,-27950.0,-27950.0,0.0000000
13,116,-28401.0,-28401.0,0.0000000
13,117,-28050.0,-28050.0,0.0000000
13,118,-28340.0,-28340.0,0.0000000
13,119,-27887.0,-27887.0,0.0000000
13,120,-28193.0,-28193.0,0.0000000
13,121,-28402.0,-28402.0,0.0000000
13,122,-28819.0,-28819.0,0.0000000
13,123,-28243.0,-28243.0,0.0000000
13,124,-28052.0,-28052.0,0.0000000
14,0,-33444.0,-33444.0,0.0000000
14,1,-32450.0,-32450.0,0.0000000
14,2,-32371.0,-32371.0,0.0000000
14,3,-32407.0,-32407.0,0.0000000
14,4,-33093.0,-33093.0,0.0000000
14,5,-32933.0,-32933.0,0.0000000
14,6,-32599.0,-32599.0,0.0000000
14,7,-32418.0,-32418.0,0.0000000
14,8,-33453.0,-33453.0,0.0000000
14,9,-32678.0,-32678.0,0.0000000
14,10,-33151.0,-33151.0,0.0000000
14,11,-33134.0,-33134.0,0.0000000
14,12,-32865.0,-32865.0,0.0000000
14,13,-33294.0,-33294.0,0.0000000
14,14,-32540.0,-32540.0,0.0000000
14,15,-32963.0,-32963.0,0.0000000
14,16,-32853.0,-32853.0,0.0000000
14,17,-33030.0,-33030.0,0.0000000
14,18,-33099.0,-33099.0,0.0000000
14,19,-32944.0,-32944.0,0.0000000
14,20,-33564.0,-33564.0,0.0000000
14,21,-32751.0,-32751.0,0.0000000
14,22,-32797.0,-32797.0,0.0000000
14,23,-33293.0,-33293.0,0.0000000
14,24,-32491.0,-32491.0,0.0000000
14,25,-33134.0,-33134.0,0.0000000
14,26,-32881.0,-32881.0,0.0000000
14,27,-32542.0,-32542.0,0.0000000
14,28,-32674.0,-32674.0,0.0000000
14,29,-32929.0,-32929.0,0.0000000
14,30,-33170.0,-33170.0,0.0000000
14,31,-33037.0,-33037.0,0.0000000
14,32,-32716.0,-32716.0,0.0000000
14,33,-32723.0,-32723.0,0.0000000
14,34,-33009.0,-33009.0,0.0000000
14,35,-32841.0,-32841.0,0.0000000
14,36,-33084.0,-33084.0,0.0000000
14,37,-33174.0,-33174.0,0.0000000
14,38,-33450.0,-33450.0,0.0000000
14,39,-33307.0,-33307.0,0.0000000
14,40,-32234.0,-32234.0,0.0000000
14,41,-32482.0,-32482.0,0.0000000
14,42,-32840.0,-32840.0,0.0000000
14,43,-32449.0,-32449.0,0.0000000
14,44,-32758.0,-32758.0,0.0000000
14,45,-33593.0,-33593.0,0.0000000
14,46,-32750.0,-32750.0,0.0000000
14,47,-32668.0,-32668.0,0.0000000
14,48,-32604.0,-32604.0,0.0000000
14,49,-33037.0,-33037.0,0.0000000
14,50,-33274.0,-33274.0,0.0000000
14,51,-33678.0,-33678.0,0.0000000
14,52,-32797.0,-32797.0,0.0000000
14,53,-32847.0,-32847.0,0.0000000
14,54,-32870.0,-32870.0,0.0000000
14,55,-33193.0,-33193.0,0.0000000
14,56,-32713.0,-32713.0,0.0000000
14,57,-32929.0,-32929.0,0.0000000
14,58,-32604.0,-32604.0,0.0000000
14,59,-32863.0,-32863.0,0.0000000
14,60,-33200.0,-33200.0,0.0000000
14,61,-33229.0,-33229.0,0.0000000
14,62,-32779.0,-32779.0,0.0000000
14,63,-32667.0,-32667.0,0.0000000
14,64,-33014.0,-33014.0,0.0000000
14,65,-32411.0,-32411.0,0.0000000
14,66,-32679.0,-32679.0,0.0000000
14,67,-32680.0,-32680.0,0.0000000
14,68,-33528.0,-33528.0,0.0000000
14,69,-33016.0,-33016.0,0.0000000
14,70,-33112.0,-33112.0,0.0000000
14,71,-32901.0,-32901.0,0.0000000
14,72,-32388.0,-32388.0,0.0000000
14,73,-32830.0,-32830.0,0.0000000
14,74,-32803.0,-32803.0,0.0000000
14,75,-32938.0,-32938.0,0.0000000
14,76,-32702.0,-32702.0,0.0000000
14,77,-32752.0,-32752.0,0.0000000
14,78,-32412.0,-32412.0,0.0000000
14,79,-33146.0,-33146.0,0.0000000
14,80,-32450.0,-32450.0,0.0000000
14,81,-33105.0,-33105.0,0.0000000
14,82,-32249.0,-32249.0,0.0000000
14,83,-33304.0,-33304.0,0.0000000
14,84,-32910.0,-32910.0,0.0000000
14,85,-32590.0,-32590.0,0.0000000
14,86,-32649.0,-32649.0,0.0000000
14,87,-32497.0,-32497.0,0.0000000
14,88,-33221.0,-33221.0,0.0000000
14,89,-32708.0,-32708.0,0.0000000
14,90,-32740.0,-32740.0,0.0000000
14,91,-33787.0,-33787.0,0.0000000
14,92,-32967.0,-32967.0,0.0000000
14,93,-32875.0,-32875.0,0.0000000
14,94,-32787.0,-32787.0,0.0000000
14,95,-33473.0,-33473.0,0.0000000
14,96,-32877.0,-32877.0,0.0000000
14,97,-32601.0,-32601.0,0.0000000
14,98,-33344.0,-33344.0,0.0000000
14,99,-33092.0,-33092.0,0.0000000
14,100,-33111.0,-33111.0,0.0000000
14,101,-33276.0,-33276.0,0.0000000
14,102,-33191.0,-33191.0,0.0000000
14,103,-32362.0,-32362.0,0.0000000
14,104,-32567.0,-32567.0,0.0000000
14,105,-33124.0,-33124.0,0.0000000
14,106,-33322.0,-33322.0,0.0000000
14,107,-32573.0,-32573.0,0.0000000
14,108,-32762.0,-32762.0,0.0000000
14,109,-32505.0,-32505.0,0.0000000
14,110,-33102.0,-33102.0,0.0000000
14,111,-33314.0,-33314.0,0.0000000
14,112,-33057.0,-33057.0,0.0000000
14,113,-32706.0,-32706.0,0.0000000
14,114,-33464.0,-33464.0,0.0000000
14,115,-32565.0,-32565.0,0.0000000
14,116,-32467.0,-32467.0,0.0000000
14,117,-32989.0,-32989.0,0.0000000
14,118,-33507.0,-33507.0,0.0000000
14,119,-32460.0,-32460.0,0.0000000
14,120,-33134.0,-33134.0,0.0000000
14,121,-33241.0,-33241.0,0.0000000
14,122,-32809.0,-32809.0,0.0000000
14,123,-33702.0,-33702.0,0.0000000
14,124,-33094.0,-33094.0,0.0000000
15,0,-38091.0,-37975.0,0.0042660
15,1,-37698.0,-37698.0,0.0000000
15,2,-37747.0,-37747.0,0.0000000
15,3,-37710.0,-37710.0,0.0000000
15,4,-38419.0,-38419.0,0.0000000
15,5,-38102.0,-38102.0,0.0000000
15,6,-37745.0,-37745.0,0.0000000
15,7,-37694.0,-37694.0,0.0000000
15,8,-37903.0,-37903.0,0.0000000
15,9,-37736.0,-37736.0,0.0000000
15,10,-37555.0,-37555.0,0.0000000
15,11,-37513.0,-37513.0,0.0000000
15,12,-38485.0,-38485.0,0.0000000
15,13,-37958.0,-37958.0,0.0000000
15,14,-37983.0,-37983.0,0.0000000
15,15,-37644.0,-37644.0,0.0000000
15,16,-37344.0,-37344.0,0.0000000
15,17,-38309.0,-38309.0,0.0000000
15,18,-37851.0,-37843.0,0.0004228
15,19,-37623.0,-37623.0,0.0000000
15,20,-38082.0,-38082.0,0.0000000
15,21,-38145.0,-38145.0,0.0000000
15,22,-38391.0,-38391.0,0.0000000
15,23,-37984.0,-37984.0,0.0000000
15,24,-38632.0,-38632.0,0.0000000
15,25,-37643.0,-37643.0,0.0000000
15,26,-38099.0,-38099.0,0.0000000
15,27,-37418.0,-37418.0,0.0000000
15,28,-38331.0,-38331.0,0.0000000
15,29,-38116.0,-38116.0,0.0000000
15,30,-38256.0,-38256.0,0.0000000
15,31,-38419.0,-38419.0,0.0000000
15,32,-37345.0,-37345.0,0.0000000
15,33,-38275.0,-38275.0,0.0000000
15,34,-38443.0,-38443.0,0.0000000
15,35,-37927.0,-37927.0,0.0000000
15,36,-37635.0,-37635.0,0.0000000
15,37,-37526.0,-37526.0,0.0000000
15,38,-37831.0,-37831.0,0.0000000
15,39,-38051.0,-38051.0,0.0000000
15,40,-37954.0,-37954.0,0.0000000
15,41,-37506.0,-37506.0,0.0000000
15,42,-37483.0,-37483.0,0.0000000
15,43,-37653.0,-37653.0,0.0000000
15,44,-38362.0,-38362.0,0.0000000
15,45,-37637.0,-37637.0,0.0000000
15,46,-37482.0,-37482.0,0.0000000
15,47,-38069.0,-38069.0,0.0000000
15,48,-37689.0,-37689.0,0.0000000
15,49,-37261.0,-37261.0,0.0000000
15,50,-38059.0,-38059.0,0.0000000
15,51,-37552.0,-37552.0,0.0006924
15,52,-38136.0,-38136.0,0.0000000
15,53,-38543.0,-38543.0,0.0000000
15,54,-37922.0,-37922.0,0.0000000
15,55,-37509.0,-37295.0,0.0074541
15,56,-37936.0,-37936.0,0.0000000
15,57,-37541.0,-37211.0,0.0117170
15,58,-38095.0,-38095.0,0.0000000
15,59,-38114.0,-38114.0,0.0000000
15,60,-37871.0,-37871.0,0.0000000
15,61,-37799.0,-37799.0,0.0000000
15,62,-38014.0,-38014.0,0.0000000
15,63,-37552.0,-37552.0,0.0000000
15,64,-37706.0,-37424.0,0.0107418
15,65,-38346.0,-38346.0,0.0000000
15,66,-37696.0,-37696.0,0.0000000
15,67,-37910.0,-37910.0,0.0000000
15,68,-38152.0,-38152.0,0.0000000
15,69,-37566.0,-37566.0,0.0000000
15,70,-37425.0,-37425.0,0.0000000
15,71,-38233.0,-38233.0,0.0000000
15,72,-37992.0,-37992.0,0.0000000
15,73,-37296.0,-37296.0,0.0000000
15,74,-38318.0,-38318.0,0.0000000
15,75,-38262.0,-38262.0,0.0000000
15,76,-38023.0,-38023.0,0.0000000
15,77,-37279.0,-37279.0,0.0000000
15,78,-38117.0,-38117.0,0.0000000
15,79,-37936.0,-37936.0,0.0000000
15,80,-38037.0,-38037.0,0.0000000
15,81,-37486.0,-37486.0,0.0000000
15,82,-37717.0,-37717.0,0.0000000
15,83,-37545.0,-37545.0,0.0000000
15,84,-37867.0,-37867.0,0.0000000
15,85,-37820.0,-37820.0,0.0000000
15,86,-37752.0,-37752.0,0.0000000
15,87,-38013.0,-38013.0,0.0000000
15,88,-37900.0,-37900.0,0.0000000
15,89,-37832.0,-37832.0,0.0000000
15,90,-38037.0,-38037.0,0.0000000
15,91,-37650.0,-37650.0,0.0000000
15,92,-37869.0,-37869.0,0.0000000
15,93,-38271.0,-38271.0,0.0000000
15,94,-38035.0,-38035.0,0.0000000
15,95,-37486.0,-37486.0,0.0000000
15,96,-37477.0,-37477.0,0.0000000
15,97,-37714.0,-37714.0,0.0000000
15,98,-38188.0,-38188.0,0.0000000
15,99,-37833.0,-37833.0,0.0000000
15,100,-37239.0,-37239.0,0.0000000
15,101,-38041.0,-38041.0,0.0000000
15,102,-37303.0,-37097.0,0.0073321
15,103,-38314.0,-38314.0,0.0000000
15,104,-37243.0,-37243.0,0.0000000
15,105,-38035.0,-38035.0,0.0000000
15,106,-37544.0,-37544.0,0.0000000
15,107,-37558.0,-37558.0,0.0000000
15,108,-37411.0,-37411.0,0.0000000
15,109,-37983.0,-37983.0,0.0000000
15,110,-38111.0,-38111.0,0.0000000
15,111,-38395.0,-38395.0,0.0000000
15,112,-37599.0,-37599.0,0.0000000
15,113,-37199.0,-37199.0,0.0000000
15,114,-37894.0,-37894.0,0.0000000
15,115,-37543.0,-37543.0,0.0000000
15,116,-37887.0,-37887.0,0.0000000
15,117,-38150.0,-38150.0,0.0000000
15,118,-38142.0,-38142.0,0.0000000
15,119,-37771.0,-37771.0,0.0000000
15,120,-37324.0,-37324.0,0.0000000
15,121,-37672.0,-37672.0,0.0000000
15,122,-38159.0,-38159.0,0.0000000
15,123,-37701.0,-37701.0,0.0000000
15,124,-37500.0,-37500.0,0.0000000
