0,1,0.9609375
1,2,-0.3671875
3,4,-0.4375
4,5,-0.546875
6,7,-0.015625
7,8,0.8203125
9,10,0.6875
10,11,-0.5703125
12,13,0.3984375
13,14,-0.078125
15,16,0.4609375
16,17,-0.9765625
18,19,0.8125
19,20,0.859375
21,22,0.7421875
22,23,0.4375
24,25,-0.4375
25,26,0.453125
27,28,0.8203125
28,29,-0.2890625
30,31,-0.3984375
31,32,0.3515625
33,34,0.3046875
34,35,0.9921875
36,37,-0.8359375
37,38,0.4140625
39,40,-0.03125
40,41,0.0078125
42,43,-0.4375
43,44,0.171875
45,46,-0.171875
46,47,-0.578125
48,768,0.08984375
48,49,-0.3046875
49,769,-0.42578125
49,50,-0.984375
50,770,0.26953125
51,771,0.203125
51,52,-0.8046875
52,772,0.0546875
52,53,0.4453125
53,773,0.109375
54,774,0.40234375
54,55,-0.5234375
55,775,0.39453125
55,56,-0.3671875
56,776,-0.16796875
57,777,-0.1171875
57,58,0.921875
58,778,-0.34375
58,59,0.2421875
59,779,-0.29296875
60,780,0.5
60,61,-0.0703125
61,781,0.0859375
61,62,0.390625
62,782,-0.13671875
63,783,-0.328125
63,64,0.5234375
64,784,-0.26171875
64,65,-0.4609375
65,785,-0.421875
66,786,0.12109375
66,67,0.6875
67,787,-0.3046875
67,68,-0.2578125
68,788,-0.44921875
69,789,-0.0859375
69,70,-0.3203125
70,790,-0.26171875
70,71,-0.90625
71,791,0.07421875
72,792,-0.015625
72,73,-0.3359375
73,793,0.02734375
73,74,-0.359375
74,794,-0.3984375
75,795,-0.2109375
75,76,-0.265625
76,796,0.3515625
76,77,0.2578125
77,797,-0.37890625
78,798,0.2734375
78,79,0.9921875
79,799,-0.296875
79,80,-0.859375
80,800,0.03125
81,801,-0.3203125
81,82,-0.2265625
82,802,-0.44921875
82,83,0.03125
83,803,-0.1015625
84,804,0.296875
84,85,0.8984375
85,805,-0.265625
85,86,0.90625
86,806,-0.4765625
87,807,-0.046875
87,88,-0.625
88,808,0.359375
88,89,0.7734375
89,809,-0.21484375
90,810,-0.2890625
90,91,0.75
91,811,0.06640625
91,92,-0.453125
92,812,-0.421875
93,813,-0.01171875
93,94,-1.0
94,814,0.203125
94,95,0.3984375
95,815,0.484375
96,816,0.48828125
96,97,-0.140625
97,817,0.48046875
97,98,-0.8828125
98,818,-0.19140625
99,819,-0.32421875
99,100,-0.640625
100,820,0.44921875
100,101,-0.703125
101,821,0.4140625
102,822,0.1015625
102,103,0.578125
103,823,0.0703125
103,104,-0.46875
104,824,0.08203125
105,825,-0.453125
105,106,-0.3828125
106,826,-0.21875
106,107,-0.6015625
107,827,-0.375
108,828,0.08984375
108,109,-0.1875
109,829,0.41796875
109,110,0.8984375
110,830,-0.48046875
111,831,-0.34375
111,112,-0.7421875
112,832,-0.22265625
112,113,0.1796875
113,833,0.3984375
114,834,-0.1328125
114,115,-0.53125
115,835,0.2421875
115,116,-0.4921875
116,836,-0.2890625
117,837,0.07421875
117,118,-0.4921875
118,838,-0.2578125
118,119,0.59375
119,839,0.11328125
120,840,0.18359375
120,121,0.1875
121,841,0.33203125
121,122,0.4453125
122,842,0.40625
123,843,0.0390625
123,124,0.8984375
124,844,-0.5
124,125,-0.5546875
125,845,-0.39453125
126,846,-0.4609375
126,127,-0.8125
127,847,-0.203125
127,128,-0.859375
128,848,0.078125
129,849,0.07421875
129,130,-0.8359375
130,850,-0.34765625
130,131,-0.5625
131,851,-0.2578125
132,852,-0.2265625
132,133,-0.578125
133,853,-0.07421875
133,134,-0.6484375
134,854,0.16015625
135,855,0.44921875
135,136,-0.4375
136,856,-0.33203125
136,137,-0.421875
137,857,-0.38671875
138,858,-0.33203125
138,139,-0.90625
139,859,0.21484375
139,140,-0.8828125
140,860,-0.19140625
141,861,0.2890625
141,142,0.671875
142,862,-0.29296875
142,143,-0.7421875
143,863,0.16015625
144,864,-0.06640625
144,145,0.625
145,865,0.1171875
145,146,0.2890625
146,866,0.16015625
147,867,0.19921875
147,148,-0.71875
148,868,0.22265625
148,149,0.46875
149,869,-0.234375
150,870,-0.296875
150,151,0.84375
151,871,-0.41015625
151,152,0.40625
152,872,0.078125
153,873,-0.11328125
153,154,0.0703125
154,874,0.41015625
154,155,-0.953125
155,875,-0.19921875
156,876,-0.34375
156,157,-0.296875
157,877,-0.49609375
157,158,0.5703125
158,878,0.1953125
159,879,-0.03125
159,160,-0.46875
160,880,-0.3671875
160,161,-0.9609375
161,881,0.10546875
162,882,-0.07421875
162,163,0.984375
163,883,-0.37890625
163,164,0.4296875
164,884,-0.0390625
165,885,0.171875
165,166,-0.8125
166,886,-0.1875
166,167,0.7578125
167,887,-0.34765625
168,888,-0.37890625
168,169,-0.2421875
169,889,0.390625
169,170,-0.0390625
170,890,-0.5
171,891,0.1796875
171,172,0.4296875
172,892,0.0078125
172,173,0.59375
173,893,-0.328125
174,894,-0.46875
174,175,0.0703125
175,895,-0.3671875
175,176,-0.7890625
176,896,-0.4609375
177,897,-0.20703125
177,178,0.25
178,898,0.3671875
178,179,0.3203125
179,899,-0.1015625
180,900,-0.45703125
180,181,-0.140625
181,901,0.1015625
181,182,0.6171875
182,902,0.3203125
183,903,-0.16015625
183,184,0.078125
184,904,-0.30859375
184,185,0.984375
185,905,-0.4609375
186,906,-0.35546875
186,187,0.421875
187,907,-0.02734375
187,188,-0.5390625
188,908,0.421875
189,909,-0.1953125
189,190,-0.4921875
190,910,0.48046875
190,191,0.8984375
191,911,-0.2734375
192,912,0.37109375
192,193,-0.46875
193,913,0.03515625
193,194,-0.03125
194,914,-0.15625
195,915,-0.48828125
195,196,0.0390625
196,916,-0.02734375
196,197,-0.3125
197,917,0.3671875
198,918,0.08984375
198,199,0.4296875
199,919,0.265625
199,200,-0.5546875
200,920,0.30859375
201,921,0.1796875
201,202,0.3203125
202,922,0.26953125
202,203,-0.9765625
203,923,-0.34375
204,924,-0.46875
204,205,-0.7578125
205,925,0.171875
205,206,0.53125
206,926,0.0859375
207,927,-0.00390625
207,208,-0.84375
208,928,-0.16796875
208,209,-0.421875
209,929,0.01953125
210,930,-0.30859375
210,211,-0.1796875
211,931,0.19921875
211,212,-0.8515625
212,932,0.10546875
213,933,0.484375
213,214,-0.9921875
214,934,0.37890625
214,215,-0.8359375
215,935,0.48828125
216,936,-0.4609375
216,217,0.140625
217,937,-0.2734375
217,218,0.21875
218,938,-0.20703125
219,939,0.46484375
219,220,0.765625
220,940,-0.3671875
220,221,0.4765625
221,941,-0.1640625
222,942,0.37890625
222,223,-0.34375
223,943,0.16796875
223,224,0.6796875
224,944,-0.47265625
225,945,0.18359375
225,226,1.0
226,946,0.3046875
226,227,0.125
227,947,0.3828125
228,948,-0.01953125
228,229,-0.109375
229,949,-0.0546875
229,230,0.0078125
230,950,-0.36328125
231,951,-0.0625
231,232,-0.0859375
232,952,0.359375
232,233,0.8203125
233,953,0.28515625
234,954,0.30859375
234,235,0.9375
235,955,0.234375
235,236,-0.921875
236,956,0.4140625
237,957,0.42578125
237,238,0.9921875
238,958,-0.26953125
238,239,-0.0625
239,959,0.08984375
240,960,-0.1953125
240,241,-0.5
241,961,-0.26953125
241,242,-0.8046875
242,962,0.01171875
243,963,-0.078125
243,244,0.625
244,964,0.453125
244,245,-0.8203125
245,965,0.1328125
246,966,-0.0546875
246,247,0.46875
247,967,0.10546875
247,248,0.4140625
248,968,-0.01953125
249,969,0.10546875
249,250,0.4140625
250,970,0.0078125
250,251,-0.5078125
251,971,-0.44921875
252,972,-0.29296875
252,253,-0.6875
253,973,0.4765625
253,254,-0.8984375
254,974,0.44140625
255,975,-0.2265625
255,256,0.765625
256,976,0.48046875
256,257,-0.3671875
257,977,-0.0703125
258,978,0.40625
258,259,-0.3359375
259,979,0.390625
259,260,0.9453125
260,980,0.05859375
261,981,-0.15625
261,262,-0.9453125
262,982,0.09765625
262,263,0.390625
263,983,-0.0546875
264,984,-0.09375
264,265,-0.25
265,985,0.0390625
265,266,-0.9765625
266,986,0.15625
267,987,-0.48046875
267,268,0.28125
268,988,0.24609375
268,269,-0.2421875
269,989,0.19140625
270,990,0.1015625
270,271,0.515625
271,991,-0.3359375
271,272,-0.03125
272,992,0.18359375
273,993,-0.140625
273,274,0.6796875
274,994,0.046875
274,275,0.9375
275,995,-0.41796875
276,996,0.2265625
276,277,0.5859375
277,997,-0.16015625
277,278,-0.1640625
278,998,-0.1953125
279,999,-0.46875
279,280,-0.6328125
280,1000,0.0859375
280,281,0.0625
281,1001,0.17578125
282,1002,-0.33203125
282,283,-0.40625
283,1003,-0.46484375
283,284,0.0859375
284,1004,0.4140625
285,1005,0.19140625
285,286,-0.8125
286,1006,0.2734375
286,287,0.328125
287,1007,0.45703125
288,1008,0.42578125
288,289,-0.6796875
289,1009,-0.140625
289,290,-0.9296875
290,1010,-0.12890625
291,1011,-0.00390625
291,292,-0.125
292,1012,0.015625
292,293,0.328125
293,1013,0.01953125
294,1014,-0.4453125
294,295,0.03125
295,1015,0.37109375
295,296,0.5859375
296,1016,0.1953125
297,1017,0.10546875
297,298,0.7734375
298,1018,-0.2109375
298,299,-0.1875
299,1019,-0.44140625
300,1020,-0.125
300,301,0.8046875
301,1021,-0.31640625
301,302,0.0625
302,1022,0.4765625
303,1023,-0.10546875
303,304,0.828125
304,1024,0.25
304,305,0.4140625
305,1025,0.40625
306,1026,-0.19140625
306,307,-0.2265625
307,1027,0.39453125
307,308,-0.59375
308,1028,0.4453125
309,1029,-0.47265625
309,310,0.90625
310,1030,0.16015625
310,311,-0.5078125
311,1031,-0.0546875
312,1032,-0.3515625
312,313,-0.296875
313,1033,-0.03125
313,314,0.2578125
314,1034,0.234375
315,1035,0.44140625
315,316,0.203125
316,1036,0.12890625
316,317,0.296875
317,1037,0.34375
318,1038,0.2421875
318,319,-0.8125
319,1039,-0.109375
319,320,0.046875
320,1040,0.01171875
321,1041,0.2578125
321,322,-0.578125
322,1042,0.05078125
322,323,0.5859375
323,1043,-0.203125
324,1044,0.484375
324,325,-0.1953125
325,1045,0.4375
325,326,-0.8984375
326,1046,-0.30078125
327,1047,-0.05859375
327,328,0.234375
328,1048,-0.12890625
328,329,-0.734375
329,1049,-0.4140625
330,1050,0.1875
330,331,0.2890625
331,1051,-0.484375
331,332,-0.484375
332,1052,-0.09765625
333,1053,-0.1484375
333,334,0.0234375
334,1054,0.171875
334,335,-0.15625
335,1055,-0.00390625
336,1056,-0.18359375
336,337,-0.6328125
337,1057,0.13671875
337,338,-0.78125
338,1058,0.3828125
339,1059,0.2109375
339,340,0.1796875
340,1060,0.1796875
340,341,0.2265625
341,1061,0.453125
342,1062,-0.43359375
342,343,-0.953125
343,1063,-0.078125
343,344,-0.6015625
344,1064,0.390625
345,1065,0.17578125
345,346,-0.1328125
346,1066,-0.09375
346,347,-0.40625
347,1067,-0.18359375
348,1068,0.28515625
348,349,-0.6015625
349,1069,0.33984375
349,350,-0.6015625
350,1070,-0.3984375
351,1071,-0.328125
351,352,-0.21875
352,1072,-0.1640625
352,353,-0.9140625
353,1073,-0.1015625
354,1074,0.078125
354,355,0.3203125
355,1075,0.35546875
355,356,0.3046875
356,1076,-0.3671875
357,1077,0.078125
357,358,1.0
358,1078,0.0078125
358,359,0.625
359,1079,0.21484375
360,1080,-0.25390625
360,361,-0.7109375
361,1081,-0.33984375
361,362,-0.40625
362,1082,-0.24609375
363,1083,0.38671875
363,364,0.4921875
364,1084,0.18359375
364,365,-0.0625
365,1085,0.19921875
366,1086,0.453125
366,367,0.21875
367,1087,0.34765625
367,368,-0.90625
368,1088,-0.15234375
369,1089,0.1953125
369,370,-0.703125
370,1090,0.390625
370,371,0.609375
371,1091,0.0859375
372,1092,-0.4375
372,373,0.390625
373,1093,0.15625
373,374,0.0390625
374,1094,-0.28125
375,1095,0.08203125
375,376,0.8203125
376,1096,-0.078125
376,377,0.03125
377,1097,-0.01171875
378,1098,-0.0546875
378,379,-0.1015625
379,1099,0.14453125
379,380,-0.7578125
380,1100,0.203125
381,1101,0.10546875
381,382,-0.8984375
382,1102,0.4375
382,383,-0.9140625
383,1103,0.09375
384,1104,-0.29296875
384,385,0.2109375
385,1105,-0.4453125
385,386,-0.8671875
386,1106,-0.36328125
387,1107,0.06640625
387,388,-0.5546875
388,1108,0.09375
388,389,-0.640625
389,1109,-0.10546875
390,1110,-0.39453125
390,391,0.953125
391,1111,0.01171875
391,392,-0.8828125
392,1112,-0.390625
393,1113,0.04296875
393,394,0.453125
394,1114,0.4921875
394,395,-0.28125
395,1115,0.00390625
396,1116,-0.0625
396,397,0.640625
397,1117,0.05078125
397,398,-0.3984375
398,1118,-0.1328125
399,1119,-0.34375
399,400,-0.125
400,1120,-0.26171875
400,401,-0.625
401,1121,0.25
402,1122,-0.296875
402,403,-1.0
403,1123,-0.046875
403,404,0.28125
404,1124,0.0234375
405,1125,0.4140625
405,406,-0.2734375
406,1126,0.00390625
406,407,0.953125
407,1127,-0.16015625
408,1128,0.09375
408,409,0.2265625
409,1129,-0.45703125
409,410,0.8515625
410,1130,0.06640625
411,1131,0.1015625
411,412,0.6015625
412,1132,0.03125
412,413,0.7109375
413,1133,0.3671875
414,1134,-0.30859375
414,415,0.421875
415,1135,-0.45703125
415,416,0.0234375
416,1136,-0.26953125
417,1137,0.09375
417,418,0.1875
418,1138,-0.4140625
418,419,0.625
419,1139,0.01171875
420,1140,0.35546875
420,421,-0.828125
421,1141,0.5
421,422,0.171875
422,1142,0.203125
423,1143,-0.34375
423,424,0.9296875
424,1144,0.03125
424,425,0.8671875
425,1145,-0.3125
426,1146,0.453125
426,427,0.296875
427,1147,0.0078125
427,428,-0.7109375
428,1148,-0.2890625
429,1149,-0.28125
429,430,-0.578125
430,1150,0.37109375
430,431,0.875
431,1151,-0.22265625
432,1152,-0.41015625
432,433,-0.703125
433,1153,-0.4140625
433,434,-0.9296875
434,1154,0.03515625
435,1155,-0.14453125
435,436,0.0703125
436,1156,0.05859375
436,437,-0.4921875
437,1157,0.41796875
438,1158,-0.20703125
438,439,0.3515625
439,1159,-0.3671875
439,440,0.234375
440,1160,0.03125
441,1161,-0.2890625
441,442,0.421875
442,1162,0.2890625
442,443,-0.84375
443,1163,-0.39453125
444,1164,0.203125
444,445,-0.1640625
445,1165,0.41015625
445,446,0.9140625
446,1166,-0.484375
447,1167,0.15234375
447,448,0.4296875
448,1168,0.20703125
448,449,-0.5234375
449,1169,-0.22265625
450,1170,-0.22265625
450,451,-0.6484375
451,1171,-0.4296875
451,452,0.515625
452,1172,-0.10546875
453,1173,-0.421875
453,454,-0.15625
454,1174,0.46484375
454,455,-0.4375
455,1175,-0.43359375
456,1176,0.14453125
456,457,0.75
457,1177,0.39453125
457,458,-0.1640625
458,1178,-0.4296875
459,1179,0.16796875
459,460,0.3828125
460,1180,-0.2265625
460,461,-0.8515625
461,1181,-0.28125
462,1182,0.07421875
462,463,0.921875
463,1183,0.046875
463,464,-0.1875
464,1184,0.3359375
465,1185,-0.1953125
465,466,0.15625
466,1186,-0.21875
466,467,0.3203125
467,1187,-0.2421875
468,1188,0.11328125
468,469,-0.796875
469,1189,0.140625
469,470,0.6171875
470,1190,-0.19140625
471,1191,-0.2578125
471,472,-0.8359375
472,1192,0.29296875
472,473,0.609375
473,1193,0.24609375
474,1194,-0.09375
474,475,-0.9765625
475,1195,0.33203125
475,476,-0.828125
476,1196,0.21875
477,1197,-0.24609375
477,478,-0.390625
478,1198,0.44140625
478,479,0.296875
479,1199,0.35546875
480,1200,0.0703125
480,481,-0.0390625
481,1201,-0.37890625
481,482,0.15625
482,1202,-0.359375
483,1203,-0.08984375
483,484,-0.453125
484,1204,-0.390625
484,485,-0.125
485,1205,0.26171875
486,1206,-0.43359375
486,487,0.9921875
487,1207,-0.42578125
487,488,-0.296875
488,1208,-0.0390625
489,1209,0.375
489,490,0.2421875
490,1210,-0.265625
490,491,-0.4296875
491,1211,0.0078125
492,1212,0.41015625
492,493,-0.4296875
493,1213,0.015625
493,494,0.890625
494,1214,0.1953125
495,1215,0.0859375
495,496,1.0
496,1216,0.39453125
496,497,-0.96875
497,1217,-0.09765625
498,1218,-0.10546875
498,499,0.234375
499,1219,0.19140625
499,500,-0.6328125
500,1220,-0.0859375
501,1221,0.08203125
501,502,0.296875
502,1222,0.08203125
502,503,0.234375
503,1223,0.3125
504,1224,-0.3828125
504,505,0.0234375
505,1225,0.14453125
505,506,0.2265625
506,1226,-0.0625
507,1227,-0.109375
507,508,-0.7578125
508,1228,0.015625
508,509,-0.75
509,1229,-0.14453125
510,1230,0.06640625
510,511,0.546875
511,1231,-0.4296875
511,512,-0.8203125
512,1232,-0.45703125
513,1233,0.453125
513,514,0.046875
514,1234,-0.03515625
514,515,-0.5625
515,1235,-0.0546875
516,1236,0.3515625
516,517,-0.0703125
517,1237,0.13671875
517,518,0.9921875
518,1238,0.48828125
519,1239,-0.12109375
519,520,-0.3359375
520,1240,0.14453125
520,521,0.75
521,1241,-0.33203125
522,1242,0.25
522,523,0.328125
523,1243,0.4765625
523,524,0.453125
524,1244,0.1328125
525,1245,-0.48046875
525,526,-0.1328125
526,1246,0.140625
526,527,-0.15625
527,1247,-0.2421875
528,1248,-0.4375
528,529,0.0625
529,1249,-0.0390625
529,530,0.875
530,1250,-0.41015625
531,1251,-0.1796875
531,532,0.3828125
532,1252,0.24609375
532,533,0.1640625
533,1253,0.45703125
534,1254,0.19140625
534,535,-0.3125
535,1255,-0.2578125
535,536,0.5625
536,1256,0.29296875
537,1257,0.38671875
537,538,0.59375
538,1258,-0.44921875
538,539,-0.9140625
539,1259,0.0078125
540,1260,-0.125
540,541,0.140625
541,1261,0.17578125
541,542,0.53125
542,1262,0.3515625
543,1263,0.30078125
543,544,-0.3828125
544,1264,-0.26171875
544,545,0.3125
545,1265,-0.03125
546,1266,-0.03125
546,547,-0.6015625
547,1267,0.078125
547,548,0.9375
548,1268,-0.15625
549,1269,0.28125
549,550,0.46875
550,1270,0.42578125
550,551,0.796875
551,1271,0.12890625
552,1272,0.015625
552,553,-0.2421875
553,1273,-0.23046875
553,554,0.515625
554,1274,0.2265625
555,1275,0.37109375
555,556,-0.25
556,1276,0.25
556,557,-0.9921875
557,1277,0.29296875
558,1278,0.375
558,559,-0.546875
559,1279,-0.03125
559,560,0.90625
560,1280,-0.47265625
561,1281,-0.4765625
561,562,-0.9921875
562,1282,0.453125
562,563,-0.2265625
563,1283,0.03515625
564,1284,0.30078125
564,565,-0.8515625
565,1285,-0.18359375
565,566,0.71875
566,1286,-0.09375
567,1287,-0.46875
567,568,-0.703125
568,1288,-0.40625
568,569,0.53125
569,1289,-0.109375
570,1290,-0.38671875
570,571,-0.625
571,1291,0.07421875
571,572,0.2265625
572,1292,-0.03125
573,1293,-0.296875
573,574,0.1328125
574,1294,-0.421875
574,575,-0.078125
575,1295,0.30859375
576,1296,-0.203125
576,577,0.8671875
577,1297,-0.46875
577,578,-0.6875
578,1298,-0.03125
579,1299,0.171875
579,580,0.6796875
580,1300,0.2578125
580,581,0.890625
581,1301,-0.02734375
582,1302,-0.17578125
582,583,-0.3125
583,1303,-0.4375
583,584,0.625
584,1304,0.30078125
585,1305,-0.31640625
585,586,0.21875
586,1306,-0.07421875
586,587,-0.453125
587,1307,-0.35546875
588,1308,-0.3515625
588,589,-0.4296875
589,1309,-0.26953125
589,590,0.8671875
590,1310,-0.0859375
591,1311,-0.17578125
591,592,0.78125
592,1312,-0.07421875
592,593,-0.4609375
593,1313,0.26171875
594,1314,-0.3828125
594,595,0.7109375
595,1315,-0.1796875
595,596,-0.9609375
596,1316,-0.00390625
597,1317,0.39453125
597,598,0.5625
598,1318,0.46484375
598,599,-0.0234375
599,1319,-0.171875
600,1320,-0.29296875
600,601,-0.0625
601,1321,-0.30859375
601,602,0.8203125
602,1322,0.19140625
603,1323,0.47265625
603,604,0.59375
604,1324,-0.01953125
604,605,0.328125
605,1325,-0.48046875
606,1326,-0.1796875
606,607,0.3671875
607,1327,0.234375
607,608,0.390625
608,1328,-0.01953125
609,1329,-0.1171875
609,610,-0.0234375
610,1330,0.05078125
610,611,0.7421875
611,1331,0.32421875
612,1332,-0.01171875
612,613,0.578125
613,1333,0.34765625
613,614,0.8828125
614,1334,0.39453125
615,1335,0.2265625
615,616,0.1796875
616,1336,0.34765625
616,617,0.6953125
617,1337,-0.01171875
618,1338,0.26171875
618,619,-0.921875
619,1339,-0.03515625
619,620,0.1875
620,1340,0.0625
621,1341,0.3125
621,622,0.546875
622,1342,-0.1484375
622,623,0.3203125
623,1343,0.140625
624,1344,0.3984375
624,625,-0.265625
625,1345,-0.2109375
625,626,0.734375
626,1346,0.2578125
627,1347,0.4453125
627,628,0.7734375
628,1348,-0.23046875
628,629,-0.03125
629,1349,-0.1640625
630,1350,0.0703125
630,631,0.1328125
631,1351,0.1328125
631,632,-0.671875
632,1352,-0.0078125
633,1353,-0.35546875
633,634,-0.921875
634,1354,0.359375
634,635,0.9296875
635,1355,-0.25
636,1356,0.05859375
636,637,0.3046875
637,1357,0.05859375
637,638,-0.359375
638,1358,-0.43359375
639,1359,0.0625
639,640,0.984375
640,1360,-0.08203125
640,641,-0.0078125
641,1361,0.30859375
642,1362,-0.4921875
642,643,-0.703125
643,1363,-0.484375
643,644,0.546875
644,1364,0.3203125
645,1365,0.0390625
645,646,0.171875
646,1366,0.328125
646,647,-0.15625
647,1367,-0.14453125
648,1368,0.11328125
648,649,0.171875
649,1369,0.38671875
649,650,-0.2265625
650,1370,-0.04296875
651,1371,0.4296875
651,652,0.0859375
652,1372,0.5
652,653,0.25
653,1373,0.3359375
654,1374,-0.12890625
654,655,0.328125
655,1375,0.1171875
655,656,0.1015625
656,1376,-0.109375
657,1377,0.3359375
657,658,-0.515625
658,1378,-0.1875
658,659,0.4765625
659,1379,-0.390625
660,1380,-0.23828125
660,661,0.765625
661,1381,0.1953125
661,662,0.078125
662,1382,0.4140625
663,1383,0.21875
663,664,0.0859375
664,1384,-0.2734375
664,665,-0.5
665,1385,0.3046875
666,1386,-0.33203125
666,667,-0.4609375
667,1387,0.48828125
667,668,-0.8203125
668,1388,-0.44921875
669,1389,0.38671875
669,670,0.2265625
670,1390,-0.26171875
670,671,-0.890625
671,1391,0.484375
672,1392,0.203125
672,673,0.875
673,1393,-0.26953125
673,674,0.328125
674,1394,0.0859375
675,1395,0.5
675,676,0.015625
676,1396,-0.0625
676,677,0.7578125
677,1397,-0.15234375
678,1398,0.07421875
678,679,-0.34375
679,1399,0.19140625
679,680,-0.4296875
680,1400,0.29296875
681,1401,0.41015625
681,682,0.21875
682,1402,-0.375
682,683,0.8828125
683,1403,0.21484375
684,1404,0.17578125
684,685,0.3828125
685,1405,0.125
685,686,-0.1484375
686,1406,0.43359375
687,1407,0.45703125
687,688,0.4453125
688,1408,0.30859375
688,689,0.625
689,1409,0.09375
690,1410,0.37890625
690,691,-0.1015625
691,1411,0.39453125
691,692,-0.578125
692,1412,-0.2265625
693,1413,0.30078125
693,694,0.1328125
694,1414,-0.16015625
694,695,-0.6484375
695,1415,0.26953125
696,1416,-0.265625
696,697,0.828125
697,1417,0.16015625
697,698,-0.3359375
698,1418,-0.0703125
699,1419,-0.1484375
699,700,-0.515625
700,1420,-0.3203125
700,701,-0.296875
701,1421,0.02734375
702,1422,0.35546875
702,703,-0.6015625
703,1423,0.4296875
703,704,-0.609375
704,1424,0.10546875
705,1425,0.17578125
705,706,0.65625
706,1426,-0.08984375
706,707,0.9921875
707,1427,0.05078125
708,1428,-0.1484375
708,709,-0.546875
709,1429,0.265625
709,710,-0.1875
710,1430,-0.25
711,1431,0.28125
711,712,-0.3515625
712,1432,-0.265625
712,713,0.3359375
713,1433,0.47265625
714,1434,-0.36328125
714,715,-0.78125
715,1435,0.41796875
715,716,0.34375
716,1436,-0.21875
717,1437,-0.05859375
717,718,-0.1796875
718,1438,-0.140625
718,719,0.953125
719,1439,0.3359375
720,768,-0.2109375
720,1440,-0.2734375
720,721,-0.921875
721,769,-0.30078125
721,1441,-0.31640625
721,722,0.84375
722,770,0.2109375
722,1442,-0.015625
723,771,0.44140625
723,1443,-0.125
723,724,-0.4453125
724,772,-0.22265625
724,1444,-0.28125
724,725,-0.359375
725,773,0.2734375
725,1445,0.125
726,774,0.1484375
726,1446,0.33984375
726,727,-0.53125
727,775,-0.3828125
727,1447,0.1796875
727,728,-0.5546875
728,776,0.37109375
728,1448,-0.078125
729,777,-0.34375
729,1449,-0.47265625
729,730,0.0859375
730,778,-0.0859375
730,1450,-0.44140625
730,731,0.0859375
731,779,0.25
731,1451,-0.02734375
732,780,0.4296875
732,1452,0.48828125
732,733,0.9140625
733,781,0.28125
733,1453,-0.03125
733,734,0.2890625
734,782,0.01171875
734,1454,0.29296875
735,783,-0.45703125
735,1455,0.0625
735,736,-0.2734375
736,784,-0.2890625
736,1456,-0.34765625
736,737,-0.0703125
737,785,-0.37890625
737,1457,-0.03515625
738,786,0.36328125
738,1458,-0.2109375
738,739,0.4609375
739,787,-0.30859375
739,1459,-0.38671875
739,740,-0.796875
740,788,-0.484375
740,1460,0.3515625
741,789,-0.02734375
741,1461,-0.328125
741,742,-0.5625
742,790,-0.33203125
742,1462,0.07421875
742,743,-0.9609375
743,791,-0.48828125
743,1463,-0.25
744,792,0.1015625
744,1464,0.05859375
744,745,-0.3046875
745,793,0.296875
745,1465,-0.19921875
745,746,-0.6015625
746,794,-0.10546875
746,1466,-0.03125
747,795,0.078125
747,1467,0.0078125
747,748,0.0234375
748,796,-0.38671875
748,1468,-0.1015625
748,749,-0.4921875
749,797,0.17578125
749,1469,0.1171875
750,798,-0.04296875
750,1470,0.3671875
750,751,-0.5703125
751,799,-0.49609375
751,1471,0.2734375
751,752,-0.9140625
752,800,0.17578125
752,1472,0.05078125
753,801,0.12890625
753,1473,-0.1171875
753,754,0.2734375
754,802,-0.29296875
754,1474,0.2265625
754,755,-0.8046875
755,803,-0.0078125
755,1475,0.25
756,804,0.27734375
756,1476,0.046875
756,757,0.390625
757,805,-0.4765625
757,1477,0.04296875
757,758,0.3828125
758,806,0.30078125
758,1478,0.16015625
759,807,-0.38671875
759,1479,-0.14453125
759,760,0.6640625
760,808,0.25390625
760,1480,0.3828125
760,761,-0.71875
761,809,0.1875
761,1481,0.09375
762,810,-0.0625
762,1482,0.31640625
762,763,-0.953125
763,811,-0.03515625
763,1483,0.32421875
763,764,0.7578125
764,812,-0.05078125
764,1484,0.015625
765,813,0.38671875
765,1485,0.3671875
765,766,-0.734375
766,814,0.32421875
766,1486,0.14453125
766,767,0.3125
767,815,0.4140625
767,1487,-0.33203125
0,768,-2.0
1,769,-2.0
2,770,-2.0
3,771,-2.0
768,771,-0.203125
4,772,-2.0
769,772,0.75
5,773,-2.0
770,773,0.1328125
6,774,-2.0
771,774,0.3984375
7,775,-2.0
772,775,0.2265625
8,776,-2.0
773,776,0.65625
9,777,-2.0
774,777,-0.609375
10,778,-2.0
775,778,0.1328125
11,779,-2.0
776,779,0.0078125
12,780,-2.0
777,780,0.71875
13,781,-2.0
778,781,-0.765625
14,782,-2.0
779,782,-0.109375
15,783,-2.0
780,783,0.71875
16,784,-2.0
781,784,0.6875
17,785,-2.0
782,785,0.6953125
18,786,-2.0
783,786,0.6484375
19,787,-2.0
784,787,-0.6015625
20,788,-2.0
785,788,-0.1953125
21,789,-2.0
786,789,0.65625
22,790,-2.0
787,790,-0.1796875
23,791,-2.0
788,791,0.734375
24,792,-2.0
789,792,0.2890625
25,793,-2.0
790,793,-0.328125
26,794,-2.0
791,794,0.71875
27,795,-2.0
792,795,0.828125
28,796,-2.0
793,796,0.1953125
29,797,-2.0
794,797,-0.6171875
30,798,-2.0
795,798,-0.1328125
31,799,-2.0
796,799,-0.609375
32,800,-2.0
797,800,-0.5859375
33,801,-2.0
798,801,0.8203125
34,802,-2.0
799,802,0.1640625
35,803,-2.0
800,803,0.265625
36,804,-2.0
801,804,0.671875
37,805,-2.0
802,805,0.34375
38,806,-2.0
803,806,0.171875
39,807,-2.0
804,807,0.28125
40,808,-2.0
805,808,0.625
41,809,-2.0
806,809,0.890625
42,810,-2.0
807,810,-0.8984375
43,811,-2.0
808,811,0.6015625
44,812,-2.0
809,812,0.484375
45,813,-2.0
810,813,-0.453125
46,814,-2.0
811,814,-0.53125
47,815,-2.0
812,815,-0.84375
0,816,0.08984375
48,816,-2.0
1,817,-0.42578125
49,817,-2.0
2,818,0.26953125
50,818,-2.0
3,819,0.203125
51,819,-2.0
816,819,0.015625
4,820,0.0546875
52,820,-2.0
817,820,0.90625
5,821,0.109375
53,821,-2.0
818,821,0.296875
6,822,0.40234375
54,822,-2.0
819,822,0.765625
7,823,0.39453125
55,823,-2.0
820,823,-0.9765625
8,824,-0.16796875
56,824,-2.0
821,824,0.1875
9,825,-0.1171875
57,825,-2.0
822,825,-0.6640625
10,826,-0.34375
58,826,-2.0
823,826,0.7421875
11,827,-0.29296875
59,827,-2.0
824,827,0.7265625
12,828,0.5
60,828,-2.0
825,828,-0.1875
13,829,0.0859375
61,829,-2.0
826,829,-0.4453125
14,830,-0.13671875
62,830,-2.0
827,830,0.796875
15,831,-0.328125
63,831,-2.0
828,831,0.109375
16,832,-0.26171875
64,832,-2.0
829,832,-0.015625
17,833,-0.421875
65,833,-2.0
830,833,0.6953125
18,834,0.12109375
66,834,-2.0
831,834,0.4765625
19,835,-0.3046875
67,835,-2.0
832,835,-0.1796875
20,836,-0.44921875
68,836,-2.0
833,836,0.3671875
21,837,-0.0859375
69,837,-2.0
834,837,0.234375
22,838,-0.26171875
70,838,-2.0
835,838,0.1328125
23,839,0.07421875
71,839,-2.0
836,839,-0.796875
24,840,-0.015625
72,840,-2.0
837,840,0.90625
25,841,0.02734375
73,841,-2.0
838,841,-0.890625
26,842,-0.3984375
74,842,-2.0
839,842,-0.8203125
27,843,-0.2109375
75,843,-2.0
840,843,0.0078125
28,844,0.3515625
76,844,-2.0
841,844,0.859375
29,845,-0.37890625
77,845,-2.0
842,845,0.671875
30,846,0.2734375
78,846,-2.0
843,846,0.2265625
31,847,-0.296875
79,847,-2.0
844,847,-0.84375
32,848,0.03125
80,848,-2.0
845,848,0.578125
33,849,-0.3203125
81,849,-2.0
846,849,0.578125
34,850,-0.44921875
82,850,-2.0
847,850,-0.0390625
35,851,-0.1015625
83,851,-2.0
848,851,0.828125
36,852,0.296875
84,852,-2.0
849,852,0.8046875
37,853,-0.265625
85,853,-2.0
850,853,0.171875
38,854,-0.4765625
86,854,-2.0
851,854,-0.7109375
39,855,-0.046875
87,855,-2.0
852,855,0.7890625
40,856,0.359375
88,856,-2.0
853,856,0.328125
41,857,-0.21484375
89,857,-2.0
854,857,-0.3203125
42,858,-0.2890625
90,858,-2.0
855,858,-0.65625
43,859,0.06640625
91,859,-2.0
856,859,0.6875
44,860,-0.421875
92,860,-2.0
857,860,0.96875
45,861,-0.01171875
93,861,-2.0
858,861,0.7890625
46,862,0.203125
94,862,-2.0
859,862,-0.2578125
47,863,0.484375
95,863,-2.0
860,863,-0.0078125
48,864,0.48828125
96,864,-2.0
49,865,0.48046875
97,865,-2.0
50,866,-0.19140625
98,866,-2.0
51,867,-0.32421875
99,867,-2.0
864,867,0.3125
52,868,0.44921875
100,868,-2.0
865,868,0.6875
53,869,0.4140625
101,869,-2.0
866,869,-0.1171875
54,870,0.1015625
102,870,-2.0
867,870,-0.6328125
55,871,0.0703125
103,871,-2.0
868,871,-0.2265625
56,872,0.08203125
104,872,-2.0
869,872,0.359375
57,873,-0.453125
105,873,-2.0
870,873,0.4765625
58,874,-0.21875
106,874,-2.0
871,874,0.3359375
59,875,-0.375
107,875,-2.0
872,875,-0.2109375
60,876,0.08984375
108,876,-2.0
873,876,-0.1171875
61,877,0.41796875
109,877,-2.0
874,877,-0.5078125
62,878,-0.48046875
110,878,-2.0
875,878,-0.4765625
63,879,-0.34375
111,879,-2.0
876,879,-0.2578125
64,880,-0.22265625
112,880,-2.0
877,880,-0.5
65,881,0.3984375
113,881,-2.0
878,881,-0.8515625
66,882,-0.1328125
114,882,-2.0
879,882,-0.71875
67,883,0.2421875
115,883,-2.0
880,883,0.671875
68,884,-0.2890625
116,884,-2.0
881,884,0.6875
69,885,0.07421875
117,885,-2.0
882,885,-0.0546875
70,886,-0.2578125
118,886,-2.0
883,886,0.859375
71,887,0.11328125
119,887,-2.0
884,887,-0.8125
72,888,0.18359375
120,888,-2.0
885,888,0.3046875
73,889,0.33203125
121,889,-2.0
886,889,-0.078125
74,890,0.40625
122,890,-2.0
887,890,0.296875
75,891,0.0390625
123,891,-2.0
888,891,-0.2734375
76,892,-0.5
124,892,-2.0
889,892,-0.359375
77,893,-0.39453125
125,893,-2.0
890,893,0.6171875
78,894,-0.4609375
126,894,-2.0
891,894,0.6171875
79,895,-0.203125
127,895,-2.0
892,895,0.4765625
80,896,0.078125
128,896,-2.0
893,896,0.1953125
81,897,0.07421875
129,897,-2.0
894,897,-0.5390625
82,898,-0.34765625
130,898,-2.0
895,898,0.8125
83,899,-0.2578125
131,899,-2.0
896,899,-0.046875
84,900,-0.2265625
132,900,-2.0
897,900,0.171875
85,901,-0.07421875
133,901,-2.0
898,901,-0.15625
86,902,0.16015625
134,902,-2.0
899,902,0.6484375
87,903,0.44921875
135,903,-2.0
900,903,-0.609375
88,904,-0.33203125
136,904,-2.0
901,904,0.4921875
89,905,-0.38671875
137,905,-2.0
902,905,-0.3671875
90,906,-0.33203125
138,906,-2.0
903,906,0.7734375
91,907,0.21484375
139,907,-2.0
904,907,0.7890625
92,908,-0.19140625
140,908,-2.0
905,908,0.078125
93,909,0.2890625
141,909,-2.0
906,909,-0.8359375
94,910,-0.29296875
142,910,-2.0
907,910,0.4375
95,911,0.16015625
143,911,-2.0
908,911,0.84375
96,912,-0.06640625
144,912,-2.0
97,913,0.1171875
145,913,-2.0
98,914,0.16015625
146,914,-2.0
99,915,0.19921875
147,915,-2.0
912,915,-0.3515625
100,916,0.22265625
148,916,-2.0
913,916,-0.9765625
101,917,-0.234375
149,917,-2.0
914,917,-0.609375
102,918,-0.296875
150,918,-2.0
915,918,0.5078125
103,919,-0.41015625
151,919,-2.0
916,919,0.375
104,920,0.078125
152,920,-2.0
917,920,0.75
105,921,-0.11328125
153,921,-2.0
918,921,0.859375
106,922,0.41015625
154,922,-2.0
919,922,-0.890625
107,923,-0.19921875
155,923,-2.0
920,923,0.359375
108,924,-0.34375
156,924,-2.0
921,924,0.015625
109,925,-0.49609375
157,925,-2.0
922,925,0.453125
110,926,0.1953125
158,926,-2.0
923,926,-0.6015625
111,927,-0.03125
159,927,-2.0
924,927,-0.65625
112,928,-0.3671875
160,928,-2.0
925,928,0.9609375
113,929,0.10546875
161,929,-2.0
926,929,-0.6484375
114,930,-0.07421875
162,930,-2.0
927,930,-0.859375
115,931,-0.37890625
163,931,-2.0
928,931,-0.265625
116,932,-0.0390625
164,932,-2.0
929,932,0.3203125
117,933,0.171875
165,933,-2.0
930,933,0.5
118,934,-0.1875
166,934,-2.0
931,934,0.0390625
119,935,-0.34765625
167,935,-2.0
932,935,-0.0390625
120,936,-0.37890625
168,936,-2.0
933,936,0.0546875
121,937,0.390625
169,937,-2.0
934,937,-0.953125
122,938,-0.5
170,938,-2.0
935,938,0.1484375
123,939,0.1796875
171,939,-2.0
936,939,0.9921875
124,940,0.0078125
172,940,-2.0
937,940,0.625
125,941,-0.328125
173,941,-2.0
938,941,0.8828125
126,942,-0.46875
174,942,-2.0
939,942,-0.3203125
127,943,-0.3671875
175,943,-2.0
940,943,0.6953125
128,944,-0.4609375
176,944,-2.0
941,944,0.484375
129,945,-0.20703125
177,945,-2.0
942,945,-0.1171875
130,946,0.3671875
178,946,-2.0
943,946,0.015625
131,947,-0.1015625
179,947,-2.0
944,947,0.921875
132,948,-0.45703125
180,948,-2.0
945,948,0.984375
133,949,0.1015625
181,949,-2.0
946,949,-0.2421875
134,950,0.3203125
182,950,-2.0
947,950,-0.6796875
135,951,-0.16015625
183,951,-2.0
948,951,0.0234375
136,952,-0.30859375
184,952,-2.0
949,952,0.4140625
137,953,-0.4609375
185,953,-2.0
950,953,-0.1328125
138,954,-0.35546875
186,954,-2.0
951,954,-0.1171875
139,955,-0.02734375
187,955,-2.0
952,955,0.96875
140,956,0.421875
188,956,-2.0
953,956,-0.0625
141,957,-0.1953125
189,957,-2.0
954,957,-0.1875
142,958,0.48046875
190,958,-2.0
955,958,0.453125
143,959,-0.2734375
191,959,-2.0
956,959,0.125
144,960,0.37109375
192,960,-2.0
145,961,0.03515625
193,961,-2.0
146,962,-0.15625
194,962,-2.0
147,963,-0.48828125
195,963,-2.0
960,963,0.2578125
148,964,-0.02734375
196,964,-2.0
961,964,0.4765625
149,965,0.3671875
197,965,-2.0
962,965,-0.6875
150,966,0.08984375
198,966,-2.0
963,966,-0.1015625
151,967,0.265625
199,967,-2.0
964,967,-0.8671875
152,968,0.30859375
200,968,-2.0
965,968,0.203125
153,969,0.1796875
201,969,-2.0
966,969,-0.140625
154,970,0.26953125
202,970,-2.0
967,970,-0.578125
155,971,-0.34375
203,971,-2.0
968,971,-0.921875
156,972,-0.46875
204,972,-2.0
969,972,-0.96875
157,973,0.171875
205,973,-2.0
970,973,-0.59375
158,974,0.0859375
206,974,-2.0
971,974,0.78125
159,975,-0.00390625
207,975,-2.0
972,975,-0.46875
160,976,-0.16796875
208,976,-2.0
973,976,0.0078125
161,977,0.01953125
209,977,-2.0
974,977,0.8984375
162,978,-0.30859375
210,978,-2.0
975,978,-0.15625
163,979,0.19921875
211,979,-2.0
976,979,0.40625
164,980,0.10546875
212,980,-2.0
977,980,-0.1328125
165,981,0.484375
213,981,-2.0
978,981,0.9921875
166,982,0.37890625
214,982,-2.0
979,982,-0.109375
167,983,0.48828125
215,983,-2.0
980,983,-0.7265625
168,984,-0.4609375
216,984,-2.0
981,984,0.0234375
169,985,-0.2734375
217,985,-2.0
982,985,-0.796875
170,986,-0.20703125
218,986,-2.0
983,986,0.609375
171,987,0.46484375
219,987,-2.0
984,987,0.1171875
172,988,-0.3671875
220,988,-2.0
985,988,-0.1015625
173,989,-0.1640625
221,989,-2.0
986,989,0.015625
174,990,0.37890625
222,990,-2.0
987,990,0.125
175,991,0.16796875
223,991,-2.0
988,991,-0.578125
176,992,-0.47265625
224,992,-2.0
989,992,-0.5703125
177,993,0.18359375
225,993,-2.0
990,993,-0.8828125
178,994,0.3046875
226,994,-2.0
991,994,0.6875
179,995,0.3828125
227,995,-2.0
992,995,-0.390625
180,996,-0.01953125
228,996,-2.0
993,996,-0.84375
181,997,-0.0546875
229,997,-2.0
994,997,-0.7890625
182,998,-0.36328125
230,998,-2.0
995,998,0.1953125
183,999,-0.0625
231,999,-2.0
996,999,-0.4765625
184,1000,0.359375
232,1000,-2.0
997,1000,-0.7734375
185,1001,0.28515625
233,1001,-2.0
998,1001,0.1875
186,1002,0.30859375
234,1002,-2.0
999,1002,-0.9375
187,1003,0.234375
235,1003,-2.0
1000,1003,0.734375
188,1004,0.4140625
236,1004,-2.0
1001,1004,-0.5
189,1005,0.42578125
237,1005,-2.0
1002,1005,-0.109375
190,1006,-0.26953125
238,1006,-2.0
1003,1006,-0.96875
191,1007,0.08984375
239,1007,-2.0
1004,1007,0.046875
192,1008,-0.1953125
240,1008,-2.0
193,1009,-0.26953125
241,1009,-2.0
194,1010,0.01171875
242,1010,-2.0
195,1011,-0.078125
243,1011,-2.0
1008,1011,0.3125
196,1012,0.453125
244,1012,-2.0
1009,1012,-0.875
197,1013,0.1328125
245,1013,-2.0
1010,1013,0.171875
198,1014,-0.0546875
246,1014,-2.0
1011,1014,-0.0546875
199,1015,0.10546875
247,1015,-2.0
1012,1015,-0.5859375
200,1016,-0.01953125
248,1016,-2.0
1013,1016,-0.9453125
201,1017,0.10546875
249,1017,-2.0
1014,1017,-0.84375
202,1018,0.0078125
250,1018,-2.0
1015,1018,-0.3828125
203,1019,-0.44921875
251,1019,-2.0
1016,1019,0.0625
204,1020,-0.29296875
252,1020,-2.0
1017,1020,0.03125
205,1021,0.4765625
253,1021,-2.0
1018,1021,0.4140625
206,1022,0.44140625
254,1022,-2.0
1019,1022,0.7578125
207,1023,-0.2265625
255,1023,-2.0
1020,1023,-0.3671875
208,1024,0.48046875
256,1024,-2.0
1021,1024,-0.5859375
209,1025,-0.0703125
257,1025,-2.0
1022,1025,-0.5859375
210,1026,0.40625
258,1026,-2.0
1023,1026,-0.859375
211,1027,0.390625
259,1027,-2.0
1024,1027,-0.875
212,1028,0.05859375
260,1028,-2.0
1025,1028,-0.1328125
213,1029,-0.15625
261,1029,-2.0
1026,1029,-0.390625
214,1030,0.09765625
262,1030,-2.0
1027,1030,-0.2578125
215,1031,-0.0546875
263,1031,-2.0
1028,1031,-0.46875
216,1032,-0.09375
264,1032,-2.0
1029,1032,0.9921875
217,1033,0.0390625
265,1033,-2.0
1030,1033,-0.3671875
218,1034,0.15625
266,1034,-2.0
1031,1034,-0.0390625
219,1035,-0.48046875
267,1035,-2.0
1032,1035,-0.03125
220,1036,0.24609375
268,1036,-2.0
1033,1036,-0.90625
221,1037,0.19140625
269,1037,-2.0
1034,1037,0.03125
222,1038,0.1015625
270,1038,-2.0
1035,1038,-0.6953125
223,1039,-0.3359375
271,1039,-2.0
1036,1039,-0.5390625
224,1040,0.18359375
272,1040,-2.0
1037,1040,-0.375
225,1041,-0.140625
273,1041,-2.0
1038,1041,-0.375
226,1042,0.046875
274,1042,-2.0
1039,1042,0.9609375
227,1043,-0.41796875
275,1043,-2.0
1040,1043,-0.3984375
228,1044,0.2265625
276,1044,-2.0
1041,1044,-0.5703125
229,1045,-0.16015625
277,1045,-2.0
1042,1045,0.1640625
230,1046,-0.1953125
278,1046,-2.0
1043,1046,0.546875
231,1047,-0.46875
279,1047,-2.0
1044,1047,0.5390625
232,1048,0.0859375
280,1048,-2.0
1045,1048,-0.0859375
233,1049,0.17578125
281,1049,-2.0
1046,1049,-0.796875
234,1050,-0.33203125
282,1050,-2.0
1047,1050,0.828125
235,1051,-0.46484375
283,1051,-2.0
1048,1051,-0.84375
236,1052,0.4140625
284,1052,-2.0
1049,1052,-0.140625
237,1053,0.19140625
285,1053,-2.0
1050,1053,0.7421875
238,1054,0.2734375
286,1054,-2.0
1051,1054,0.859375
239,1055,0.45703125
287,1055,-2.0
1052,1055,-0.546875
240,1056,0.42578125
288,1056,-2.0
241,1057,-0.140625
289,1057,-2.0
242,1058,-0.12890625
290,1058,-2.0
243,1059,-0.00390625
291,1059,-2.0
1056,1059,-0.8359375
244,1060,0.015625
292,1060,-2.0
1057,1060,0.7265625
245,1061,0.01953125
293,1061,-2.0
1058,1061,1.0
246,1062,-0.4453125
294,1062,-2.0
1059,1062,0.9453125
247,1063,0.37109375
295,1063,-2.0
1060,1063,0.046875
248,1064,0.1953125
296,1064,-2.0
1061,1064,0.390625
249,1065,0.10546875
297,1065,-2.0
1062,1065,-0.4296875
250,1066,-0.2109375
298,1066,-2.0
1063,1066,0.328125
251,1067,-0.44140625
299,1067,-2.0
1064,1067,0.59375
252,1068,-0.125
300,1068,-2.0
1065,1068,-0.328125
253,1069,-0.31640625
301,1069,-2.0
1066,1069,0.9140625
254,1070,0.4765625
302,1070,-2.0
1067,1070,0.1796875
255,1071,-0.10546875
303,1071,-2.0
1068,1071,0.8984375
256,1072,0.25
304,1072,-2.0
1069,1072,0.15625
257,1073,0.40625
305,1073,-2.0
1070,1073,0.5625
258,1074,-0.19140625
306,1074,-2.0
1071,1074,0.734375
259,1075,0.39453125
307,1075,-2.0
1072,1075,0.4375
260,1076,0.4453125
308,1076,-2.0
1073,1076,-0.6796875
261,1077,-0.47265625
309,1077,-2.0
1074,1077,0.109375
262,1078,0.16015625
310,1078,-2.0
1075,1078,0.203125
263,1079,-0.0546875
311,1079,-2.0
1076,1079,-0.3046875
264,1080,-0.3515625
312,1080,-2.0
1077,1080,-0.3359375
265,1081,-0.03125
313,1081,-2.0
1078,1081,0.484375
266,1082,0.234375
314,1082,-2.0
1079,1082,-0.328125
267,1083,0.44140625
315,1083,-2.0
1080,1083,0.7421875
268,1084,0.12890625
316,1084,-2.0
1081,1084,0.9609375
269,1085,0.34375
317,1085,-2.0
1082,1085,0.1484375
270,1086,0.2421875
318,1086,-2.0
1083,1086,-0.3671875
271,1087,-0.109375
319,1087,-2.0
1084,1087,-0.953125
272,1088,0.01171875
320,1088,-2.0
1085,1088,-0.1171875
273,1089,0.2578125
321,1089,-2.0
1086,1089,-0.8359375
274,1090,0.05078125
322,1090,-2.0
1087,1090,0.765625
275,1091,-0.203125
323,1091,-2.0
1088,1091,0.09375
276,1092,0.484375
324,1092,-2.0
1089,1092,0.875
277,1093,0.4375
325,1093,-2.0
1090,1093,-0.03125
278,1094,-0.30078125
326,1094,-2.0
1091,1094,0.5625
279,1095,-0.05859375
327,1095,-2.0
1092,1095,-0.6171875
280,1096,-0.12890625
328,1096,-2.0
1093,1096,0.1015625
281,1097,-0.4140625
329,1097,-2.0
1094,1097,-0.0625
282,1098,0.1875
330,1098,-2.0
1095,1098,0.640625
283,1099,-0.484375
331,1099,-2.0
1096,1099,0.6796875
284,1100,-0.09765625
332,1100,-2.0
1097,1100,0.875
285,1101,-0.1484375
333,1101,-2.0
1098,1101,0.6328125
286,1102,0.171875
334,1102,-2.0
1099,1102,-0.625
287,1103,-0.00390625
335,1103,-2.0
1100,1103,0.5078125
288,1104,-0.18359375
336,1104,-2.0
289,1105,0.13671875
337,1105,-2.0
290,1106,0.3828125
338,1106,-2.0
291,1107,0.2109375
339,1107,-2.0
1104,1107,0.0859375
292,1108,0.1796875
340,1108,-2.0
1105,1108,-0.25
293,1109,0.453125
341,1109,-2.0
1106,1109,0.359375
294,1110,-0.43359375
342,1110,-2.0
1107,1110,-0.8359375
295,1111,-0.078125
343,1111,-2.0
1108,1111,-0.3125
296,1112,0.390625
344,1112,-2.0
1109,1112,-0.9453125
297,1113,0.17578125
345,1113,-2.0
1110,1113,-0.96875
298,1114,-0.09375
346,1114,-2.0
1111,1114,0.6640625
299,1115,-0.18359375
347,1115,-2.0
1112,1115,0.8515625
300,1116,0.28515625
348,1116,-2.0
1113,1116,0.75
301,1117,0.33984375
349,1117,-2.0
1114,1117,-0.3828125
302,1118,-0.3984375
350,1118,-2.0
1115,1118,0.8125
303,1119,-0.328125
351,1119,-2.0
1116,1119,0.234375
304,1120,-0.1640625
352,1120,-2.0
1117,1120,-0.34375
305,1121,-0.1015625
353,1121,-2.0
1118,1121,0.8515625
306,1122,0.078125
354,1122,-2.0
1119,1122,0.5625
307,1123,0.35546875
355,1123,-2.0
1120,1123,-0.953125
308,1124,-0.3671875
356,1124,-2.0
1121,1124,-0.0078125
309,1125,0.078125
357,1125,-2.0
1122,1125,0.0703125
310,1126,0.0078125
358,1126,-2.0
1123,1126,-0.6640625
311,1127,0.21484375
359,1127,-2.0
1124,1127,0.8125
312,1128,-0.25390625
360,1128,-2.0
1125,1128,0.6328125
313,1129,-0.33984375
361,1129,-2.0
1126,1129,-0.359375
314,1130,-0.24609375
362,1130,-2.0
1127,1130,0.75
315,1131,0.38671875
363,1131,-2.0
1128,1131,-0.453125
316,1132,0.18359375
364,1132,-2.0
1129,1132,0.3046875
317,1133,0.19921875
365,1133,-2.0
1130,1133,0.7109375
318,1134,0.453125
366,1134,-2.0
1131,1134,-0.4296875
319,1135,0.34765625
367,1135,-2.0
1132,1135,-0.1953125
320,1136,-0.15234375
368,1136,-2.0
1133,1136,-0.8125
321,1137,0.1953125
369,1137,-2.0
1134,1137,-0.4140625
322,1138,0.390625
370,1138,-2.0
1135,1138,-0.53125
323,1139,0.0859375
371,1139,-2.0
1136,1139,0.796875
324,1140,-0.4375
372,1140,-2.0
1137,1140,0.3515625
325,1141,0.15625
373,1141,-2.0
1138,1141,-0.6484375
326,1142,-0.28125
374,1142,-2.0
1139,1142,0.453125
327,1143,0.08203125
375,1143,-2.0
1140,1143,0.921875
328,1144,-0.078125
376,1144,-2.0
1141,1144,-0.1171875
329,1145,-0.01171875
377,1145,-2.0
1142,1145,0.0703125
330,1146,-0.0546875
378,1146,-2.0
1143,1146,0.390625
331,1147,0.14453125
379,1147,-2.0
1144,1147,0.0546875
332,1148,0.203125
380,1148,-2.0
1145,1148,-0.71875
333,1149,0.10546875
381,1149,-2.0
1146,1149,-0.0625
334,1150,0.4375
382,1150,-2.0
1147,1150,0.4765625
335,1151,0.09375
383,1151,-2.0
1148,1151,-0.03125
336,1152,-0.29296875
384,1152,-2.0
337,1153,-0.4453125
385,1153,-2.0
338,1154,-0.36328125
386,1154,-2.0
339,1155,0.06640625
387,1155,-2.0
1152,1155,0.0625
340,1156,0.09375
388,1156,-2.0
1153,1156,0.1953125
341,1157,-0.10546875
389,1157,-2.0
1154,1157,-0.59375
342,1158,-0.39453125
390,1158,-2.0
1155,1158,-0.7109375
343,1159,0.01171875
391,1159,-2.0
1156,1159,0.9921875
344,1160,-0.390625
392,1160,-2.0
1157,1160,-0.5078125
345,1161,0.04296875
393,1161,-2.0
1158,1161,-0.6328125
346,1162,0.4921875
394,1162,-2.0
1159,1162,-0.46875
347,1163,0.00390625
395,1163,-2.0
1160,1163,-0.2578125
348,1164,-0.0625
396,1164,-2.0
1161,1164,0.03125
349,1165,0.05078125
397,1165,-2.0
1162,1165,-0.125
350,1166,-0.1328125
398,1166,-2.0
1163,1166,-0.3125
351,1167,-0.34375
399,1167,-2.0
1164,1167,-0.6328125
352,1168,-0.26171875
400,1168,-2.0
1165,1168,0.25
353,1169,0.25
401,1169,-2.0
1166,1169,0.3125
354,1170,-0.296875
402,1170,-2.0
1167,1170,0.5078125
355,1171,-0.046875
403,1171,-2.0
1168,1171,-0.25
356,1172,0.0234375
404,1172,-2.0
1169,1172,-0.671875
357,1173,0.4140625
405,1173,-2.0
1170,1173,0.875
358,1174,0.00390625
406,1174,-2.0
1171,1174,-0.8828125
359,1175,-0.16015625
407,1175,-2.0
1172,1175,0.96875
360,1176,0.09375
408,1176,-2.0
1173,1176,-0.4921875
361,1177,-0.45703125
409,1177,-2.0
1174,1177,-0.1328125
362,1178,0.06640625
410,1178,-2.0
1175,1178,0.171875
363,1179,0.1015625
411,1179,-2.0
1176,1179,0.5546875
364,1180,0.03125
412,1180,-2.0
1177,1180,-0.046875
365,1181,0.3671875
413,1181,-2.0
1178,1181,0.625
366,1182,-0.30859375
414,1182,-2.0
1179,1182,0.6484375
367,1183,-0.45703125
415,1183,-2.0
1180,1183,-0.515625
368,1184,-0.26953125
416,1184,-2.0
1181,1184,0.0078125
369,1185,0.09375
417,1185,-2.0
1182,1185,0.4296875
370,1186,-0.4140625
418,1186,-2.0
1183,1186,-0.2421875
371,1187,0.01171875
419,1187,-2.0
1184,1187,0.4140625
372,1188,0.35546875
420,1188,-2.0
1185,1188,-0.28125
373,1189,0.5
421,1189,-2.0
1186,1189,0.6328125
374,1190,0.203125
422,1190,-2.0
1187,1190,0.75
375,1191,-0.34375
423,1191,-2.0
1188,1191,0.9296875
376,1192,0.03125
424,1192,-2.0
1189,1192,0.4296875
377,1193,-0.3125
425,1193,-2.0
1190,1193,0.8984375
378,1194,0.453125
426,1194,-2.0
1191,1194,0.3671875
379,1195,0.0078125
427,1195,-2.0
1192,1195,0.4375
380,1196,-0.2890625
428,1196,-2.0
1193,1196,-0.453125
381,1197,-0.28125
429,1197,-2.0
1194,1197,-0.0234375
382,1198,0.37109375
430,1198,-2.0
1195,1198,-0.6953125
383,1199,-0.22265625
431,1199,-2.0
1196,1199,0.6796875
384,1200,-0.41015625
432,1200,-2.0
385,1201,-0.4140625
433,1201,-2.0
386,1202,0.03515625
434,1202,-2.0
387,1203,-0.14453125
435,1203,-2.0
1200,1203,-0.71875
388,1204,0.05859375
436,1204,-2.0
1201,1204,-0.328125
389,1205,0.41796875
437,1205,-2.0
1202,1205,-0.6484375
390,1206,-0.20703125
438,1206,-2.0
1203,1206,0.734375
391,1207,-0.3671875
439,1207,-2.0
1204,1207,0.96875
392,1208,0.03125
440,1208,-2.0
1205,1208,-0.9375
393,1209,-0.2890625
441,1209,-2.0
1206,1209,-0.546875
394,1210,0.2890625
442,1210,-2.0
1207,1210,-0.7421875
395,1211,-0.39453125
443,1211,-2.0
1208,1211,-0.4453125
396,1212,0.203125
444,1212,-2.0
1209,1212,-0.4453125
397,1213,0.41015625
445,1213,-2.0
1210,1213,0.0703125
398,1214,-0.484375
446,1214,-2.0
1211,1214,-0.09375
399,1215,0.15234375
447,1215,-2.0
1212,1215,-0.671875
400,1216,0.20703125
448,1216,-2.0
1213,1216,-0.3125
401,1217,-0.22265625
449,1217,-2.0
1214,1217,0.1796875
402,1218,-0.22265625
450,1218,-2.0
1215,1218,0.5390625
403,1219,-0.4296875
451,1219,-2.0
1216,1219,-0.765625
404,1220,-0.10546875
452,1220,-2.0
1217,1220,-0.5625
405,1221,-0.421875
453,1221,-2.0
1218,1221,-0.5390625
406,1222,0.46484375
454,1222,-2.0
1219,1222,-0.296875
407,1223,-0.43359375
455,1223,-2.0
1220,1223,-0.078125
408,1224,0.14453125
456,1224,-2.0
1221,1224,0.5625
409,1225,0.39453125
457,1225,-2.0
1222,1225,0.28125
410,1226,-0.4296875
458,1226,-2.0
1223,1226,0.7421875
411,1227,0.16796875
459,1227,-2.0
1224,1227,0.796875
412,1228,-0.2265625
460,1228,-2.0
1225,1228,0.2265625
413,1229,-0.28125
461,1229,-2.0
1226,1229,0.65625
414,1230,0.07421875
462,1230,-2.0
1227,1230,0.3125
415,1231,0.046875
463,1231,-2.0
1228,1231,-0.5546875
416,1232,0.3359375
464,1232,-2.0
1229,1232,0.0703125
417,1233,-0.1953125
465,1233,-2.0
1230,1233,0.984375
418,1234,-0.21875
466,1234,-2.0
1231,1234,0.3984375
419,1235,-0.2421875
467,1235,-2.0
1232,1235,-0.2578125
420,1236,0.11328125
468,1236,-2.0
1233,1236,-0.484375
421,1237,0.140625
469,1237,-2.0
1234,1237,-0.1171875
422,1238,-0.19140625
470,1238,-2.0
1235,1238,-0.8203125
423,1239,-0.2578125
471,1239,-2.0
1236,1239,-0.3515625
424,1240,0.29296875
472,1240,-2.0
1237,1240,0.671875
425,1241,0.24609375
473,1241,-2.0
1238,1241,0.0859375
426,1242,-0.09375
474,1242,-2.0
1239,1242,0.2109375
427,1243,0.33203125
475,1243,-2.0
1240,1243,0.421875
428,1244,0.21875
476,1244,-2.0
1241,1244,-0.859375
429,1245,-0.24609375
477,1245,-2.0
1242,1245,0.875
430,1246,0.44140625
478,1246,-2.0
1243,1246,-0.015625
431,1247,0.35546875
479,1247,-2.0
1244,1247,-0.6953125
432,1248,0.0703125
480,1248,-2.0
433,1249,-0.37890625
481,1249,-2.0
434,1250,-0.359375
482,1250,-2.0
435,1251,-0.08984375
483,1251,-2.0
1248,1251,0.5625
436,1252,-0.390625
484,1252,-2.0
1249,1252,-0.421875
437,1253,0.26171875
485,1253,-2.0
1250,1253,-0.859375
438,1254,-0.43359375
486,1254,-2.0
1251,1254,-0.25
439,1255,-0.42578125
487,1255,-2.0
1252,1255,0.2578125
440,1256,-0.0390625
488,1256,-2.0
1253,1256,0.65625
441,1257,0.375
489,1257,-2.0
1254,1257,-0.6328125
442,1258,-0.265625
490,1258,-2.0
1255,1258,-0.578125
443,1259,0.0078125
491,1259,-2.0
1256,1259,-0.734375
444,1260,0.41015625
492,1260,-2.0
1257,1260,-0.7265625
445,1261,0.015625
493,1261,-2.0
1258,1261,0.3046875
446,1262,0.1953125
494,1262,-2.0
1259,1262,0.828125
447,1263,0.0859375
495,1263,-2.0
1260,1263,-0.6796875
448,1264,0.39453125
496,1264,-2.0
1261,1264,-0.359375
449,1265,-0.09765625
497,1265,-2.0
1262,1265,0.7109375
450,1266,-0.10546875
498,1266,-2.0
1263,1266,0.125
451,1267,0.19140625
499,1267,-2.0
1264,1267,-0.5546875
452,1268,-0.0859375
500,1268,-2.0
1265,1268,0.6484375
453,1269,0.08203125
501,1269,-2.0
1266,1269,-0.5703125
454,1270,0.08203125
502,1270,-2.0
1267,1270,-0.7265625
455,1271,0.3125
503,1271,-2.0
1268,1271,-0.0625
456,1272,-0.3828125
504,1272,-2.0
1269,1272,-0.3203125
457,1273,0.14453125
505,1273,-2.0
1270,1273,0.8515625
458,1274,-0.0625
506,1274,-2.0
1271,1274,-0.078125
459,1275,-0.109375
507,1275,-2.0
1272,1275,-0.25
460,1276,0.015625
508,1276,-2.0
1273,1276,-0.9765625
461,1277,-0.14453125
509,1277,-2.0
1274,1277,-0.1328125
462,1278,0.06640625
510,1278,-2.0
1275,1278,-0.03125
463,1279,-0.4296875
511,1279,-2.0
1276,1279,0.9921875
464,1280,-0.45703125
512,1280,-2.0
1277,1280,-0.0703125
465,1281,0.453125
513,1281,-2.0
1278,1281,0.2109375
466,1282,-0.03515625
514,1282,-2.0
1279,1282,-0.9921875
467,1283,-0.0546875
515,1283,-2.0
1280,1283,0.890625
468,1284,0.3515625
516,1284,-2.0
1281,1284,-0.5625
469,1285,0.13671875
517,1285,-2.0
1282,1285,0.8359375
470,1286,0.48828125
518,1286,-2.0
1283,1286,0.9609375
471,1287,-0.12109375
519,1287,-2.0
1284,1287,0.9453125
472,1288,0.14453125
520,1288,-2.0
1285,1288,0.6484375
473,1289,-0.33203125
521,1289,-2.0
1286,1289,0.953125
474,1290,0.25
522,1290,-2.0
1287,1290,0.6875
475,1291,0.4765625
523,1291,-2.0
1288,1291,-0.8828125
476,1292,0.1328125
524,1292,-2.0
1289,1292,-0.9609375
477,1293,-0.48046875
525,1293,-2.0
1290,1293,-0.8828125
478,1294,0.140625
526,1294,-2.0
1291,1294,0.34375
479,1295,-0.2421875
527,1295,-2.0
1292,1295,-0.296875
480,1296,-0.4375
528,1296,-2.0
481,1297,-0.0390625
529,1297,-2.0
482,1298,-0.41015625
530,1298,-2.0
483,1299,-0.1796875
531,1299,-2.0
1296,1299,-0.4375
484,1300,0.24609375
532,1300,-2.0
1297,1300,-0.5234375
485,1301,0.45703125
533,1301,-2.0
1298,1301,0.015625
486,1302,0.19140625
534,1302,-2.0
1299,1302,-0.9375
487,1303,-0.2578125
535,1303,-2.0
1300,1303,0.984375
488,1304,0.29296875
536,1304,-2.0
1301,1304,0.3828125
489,1305,0.38671875
537,1305,-2.0
1302,1305,0.3359375
490,1306,-0.44921875
538,1306,-2.0
1303,1306,-0.171875
491,1307,0.0078125
539,1307,-2.0
1304,1307,0.125
492,1308,-0.125
540,1308,-2.0
1305,1308,-0.2421875
493,1309,0.17578125
541,1309,-2.0
1306,1309,-0.953125
494,1310,0.3515625
542,1310,-2.0
1307,1310,0.2578125
495,1311,0.30078125
543,1311,-2.0
1308,1311,-0.59375
496,1312,-0.26171875
544,1312,-2.0
1309,1312,-0.359375
497,1313,-0.03125
545,1313,-2.0
1310,1313,0.1171875
498,1314,-0.03125
546,1314,-2.0
1311,1314,0.5625
499,1315,0.078125
547,1315,-2.0
1312,1315,0.2265625
500,1316,-0.15625
548,1316,-2.0
1313,1316,0.703125
501,1317,0.28125
549,1317,-2.0
1314,1317,0.171875
502,1318,0.42578125
550,1318,-2.0
1315,1318,0.7578125
503,1319,0.12890625
551,1319,-2.0
1316,1319,-0.375
504,1320,0.015625
552,1320,-2.0
1317,1320,-0.1484375
505,1321,-0.23046875
553,1321,-2.0
1318,1321,-0.6796875
506,1322,0.2265625
554,1322,-2.0
1319,1322,0.59375
507,1323,0.37109375
555,1323,-2.0
1320,1323,0.265625
508,1324,0.25
556,1324,-2.0
1321,1324,-0.0703125
509,1325,0.29296875
557,1325,-2.0
1322,1325,-0.8203125
510,1326,0.375
558,1326,-2.0
1323,1326,-0.4140625
511,1327,-0.03125
559,1327,-2.0
1324,1327,0.640625
512,1328,-0.47265625
560,1328,-2.0
1325,1328,0.140625
513,1329,-0.4765625
561,1329,-2.0
1326,1329,-0.5234375
514,1330,0.453125
562,1330,-2.0
1327,1330,0.4140625
515,1331,0.03515625
563,1331,-2.0
1328,1331,-0.4921875
516,1332,0.30078125
564,1332,-2.0
1329,1332,0.40625
517,1333,-0.18359375
565,1333,-2.0
1330,1333,0.9609375
518,1334,-0.09375
566,1334,-2.0
1331,1334,-0.0625
519,1335,-0.46875
567,1335,-2.0
1332,1335,-0.640625
520,1336,-0.40625
568,1336,-2.0
1333,1336,0.2734375
521,1337,-0.109375
569,1337,-2.0
1334,1337,-0.0390625
522,1338,-0.38671875
570,1338,-2.0
1335,1338,-0.96875
523,1339,0.07421875
571,1339,-2.0
1336,1339,0.796875
524,1340,-0.03125
572,1340,-2.0
1337,1340,-0.5390625
525,1341,-0.296875
573,1341,-2.0
1338,1341,-0.09375
526,1342,-0.421875
574,1342,-2.0
1339,1342,-0.484375
527,1343,0.30859375
575,1343,-2.0
1340,1343,0.4140625
528,1344,-0.203125
576,1344,-2.0
529,1345,-0.46875
577,1345,-2.0
530,1346,-0.03125
578,1346,-2.0
531,1347,0.171875
579,1347,-2.0
1344,1347,0.953125
532,1348,0.2578125
580,1348,-2.0
1345,1348,0.046875
533,1349,-0.02734375
581,1349,-2.0
1346,1349,-0.9453125
534,1350,-0.17578125
582,1350,-2.0
1347,1350,0.765625
535,1351,-0.4375
583,1351,-2.0
1348,1351,-0.6015625
536,1352,0.30078125
584,1352,-2.0
1349,1352,-0.515625
537,1353,-0.31640625
585,1353,-2.0
1350,1353,-0.375
538,1354,-0.07421875
586,1354,-2.0
1351,1354,-0.7890625
539,1355,-0.35546875
587,1355,-2.0
1352,1355,-0.0703125
540,1356,-0.3515625
588,1356,-2.0
1353,1356,0.109375
541,1357,-0.26953125
589,1357,-2.0
1354,1357,0.6171875
542,1358,-0.0859375
590,1358,-2.0
1355,1358,0.7421875
543,1359,-0.17578125
591,1359,-2.0
1356,1359,0.109375
544,1360,-0.07421875
592,1360,-2.0
1357,1360,0.265625
545,1361,0.26171875
593,1361,-2.0
1358,1361,0.984375
546,1362,-0.3828125
594,1362,-2.0
1359,1362,-0.6171875
547,1363,-0.1796875
595,1363,-2.0
1360,1363,0.578125
548,1364,-0.00390625
596,1364,-2.0
1361,1364,0.4921875
549,1365,0.39453125
597,1365,-2.0
1362,1365,0.6640625
550,1366,0.46484375
598,1366,-2.0
1363,1366,-0.875
551,1367,-0.171875
599,1367,-2.0
1364,1367,-0.7890625
552,1368,-0.29296875
600,1368,-2.0
1365,1368,-0.3125
553,1369,-0.30859375
601,1369,-2.0
1366,1369,0.390625
554,1370,0.19140625
602,1370,-2.0
1367,1370,0.6640625
555,1371,0.47265625
603,1371,-2.0
1368,1371,0.2265625
556,1372,-0.01953125
604,1372,-2.0
1369,1372,-0.9921875
557,1373,-0.48046875
605,1373,-2.0
1370,1373,-0.9921875
558,1374,-0.1796875
606,1374,-2.0
1371,1374,0.578125
559,1375,0.234375
607,1375,-2.0
1372,1375,0.2734375
560,1376,-0.01953125
608,1376,-2.0
1373,1376,0.0546875
561,1377,-0.1171875
609,1377,-2.0
1374,1377,0.9765625
562,1378,0.05078125
610,1378,-2.0
1375,1378,-0.9375
563,1379,0.32421875
611,1379,-2.0
1376,1379,-0.90625
564,1380,-0.01171875
612,1380,-2.0
1377,1380,0.0625
565,1381,0.34765625
613,1381,-2.0
1378,1381,0.5390625
566,1382,0.39453125
614,1382,-2.0
1379,1382,0.2890625
567,1383,0.2265625
615,1383,-2.0
1380,1383,-0.0703125
568,1384,0.34765625
616,1384,-2.0
1381,1384,-0.3203125
569,1385,-0.01171875
617,1385,-2.0
1382,1385,0.0859375
570,1386,0.26171875
618,1386,-2.0
1383,1386,0.953125
571,1387,-0.03515625
619,1387,-2.0
1384,1387,-0.7265625
572,1388,0.0625
620,1388,-2.0
1385,1388,-0.4765625
573,1389,0.3125
621,1389,-2.0
1386,1389,0.0546875
574,1390,-0.1484375
622,1390,-2.0
1387,1390,-0.8671875
575,1391,0.140625
623,1391,-2.0
1388,1391,-0.59375
576,1392,0.3984375
624,1392,-2.0
577,1393,-0.2109375
625,1393,-2.0
578,1394,0.2578125
626,1394,-2.0
579,1395,0.4453125
627,1395,-2.0
1392,1395,0.6171875
580,1396,-0.23046875
628,1396,-2.0
1393,1396,-0.8984375
581,1397,-0.1640625
629,1397,-2.0
1394,1397,-0.671875
582,1398,0.0703125
630,1398,-2.0
1395,1398,0.234375
583,1399,0.1328125
631,1399,-2.0
1396,1399,0.234375
584,1400,-0.0078125
632,1400,-2.0
1397,1400,0.8828125
585,1401,-0.35546875
633,1401,-2.0
1398,1401,0.0078125
586,1402,0.359375
634,1402,-2.0
1399,1402,0.546875
587,1403,-0.25
635,1403,-2.0
1400,1403,-0.421875
588,1404,0.05859375
636,1404,-2.0
1401,1404,0.09375
589,1405,0.05859375
637,1405,-2.0
1402,1405,-0.1171875
590,1406,-0.43359375
638,1406,-2.0
1403,1406,-0.109375
591,1407,0.0625
639,1407,-2.0
1404,1407,0.4296875
592,1408,-0.08203125
640,1408,-2.0
1405,1408,1.0
593,1409,0.30859375
641,1409,-2.0
1406,1409,0.6875
594,1410,-0.4921875
642,1410,-2.0
1407,1410,0.1484375
595,1411,-0.484375
643,1411,-2.0
1408,1411,0.2734375
596,1412,0.3203125
644,1412,-2.0
1409,1412,-0.1171875
597,1413,0.0390625
645,1413,-2.0
1410,1413,-0.8671875
598,1414,0.328125
646,1414,-2.0
1411,1414,0.65625
599,1415,-0.14453125
647,1415,-2.0
1412,1415,-0.640625
600,1416,0.11328125
648,1416,-2.0
1413,1416,0.6640625
601,1417,0.38671875
649,1417,-2.0
1414,1417,-0.4609375
602,1418,-0.04296875
650,1418,-2.0
1415,1418,-0.5859375
603,1419,0.4296875
651,1419,-2.0
1416,1419,0.5625
604,1420,0.5
652,1420,-2.0
1417,1420,-0.1875
605,1421,0.3359375
653,1421,-2.0
1418,1421,-0.2734375
606,1422,-0.12890625
654,1422,-2.0
1419,1422,0.046875
607,1423,0.1171875
655,1423,-2.0
1420,1423,0.203125
608,1424,-0.109375
656,1424,-2.0
1421,1424,0.4140625
609,1425,0.3359375
657,1425,-2.0
1422,1425,-0.2421875
610,1426,-0.1875
658,1426,-2.0
1423,1426,-0.8984375
611,1427,-0.390625
659,1427,-2.0
1424,1427,-0.9921875
612,1428,-0.23828125
660,1428,-2.0
1425,1428,0.609375
613,1429,0.1953125
661,1429,-2.0
1426,1429,0.0859375
614,1430,0.4140625
662,1430,-2.0
1427,1430,-0.6796875
615,1431,0.21875
663,1431,-2.0
1428,1431,0.1328125
616,1432,-0.2734375
664,1432,-2.0
1429,1432,-0.625
617,1433,0.3046875
665,1433,-2.0
1430,1433,-0.015625
618,1434,-0.33203125
666,1434,-2.0
1431,1434,0.3984375
619,1435,0.48828125
667,1435,-2.0
1432,1435,0.109375
620,1436,-0.44921875
668,1436,-2.0
1433,1436,-0.3046875
621,1437,0.38671875
669,1437,-2.0
1434,1437,0.8515625
622,1438,-0.26171875
670,1438,-2.0
1435,1438,-0.8046875
623,1439,0.484375
671,1439,-2.0
1436,1439,-0.6796875
624,1440,0.203125
672,1440,-2.0
625,1441,-0.26953125
673,1441,-2.0
626,1442,0.0859375
674,1442,-2.0
627,1443,0.5
675,1443,-2.0
1440,1443,-0.671875
628,1444,-0.0625
676,1444,-2.0
1441,1444,0.1796875
629,1445,-0.15234375
677,1445,-2.0
1442,1445,0.765625
630,1446,0.07421875
678,1446,-2.0
1443,1446,0.625
631,1447,0.19140625
679,1447,-2.0
1444,1447,0.921875
632,1448,0.29296875
680,1448,-2.0
1445,1448,0.171875
633,1449,0.41015625
681,1449,-2.0
1446,1449,-0.6640625
634,1450,-0.375
682,1450,-2.0
1447,1450,0.984375
635,1451,0.21484375
683,1451,-2.0
1448,1451,0.65625
636,1452,0.17578125
684,1452,-2.0
1449,1452,-0.078125
637,1453,0.125
685,1453,-2.0
1450,1453,0.84375
638,1454,0.43359375
686,1454,-2.0
1451,1454,-0.7890625
639,1455,0.45703125
687,1455,-2.0
1452,1455,0.609375
640,1456,0.30859375
688,1456,-2.0
1453,1456,0.3671875
641,1457,0.09375
689,1457,-2.0
1454,1457,-0.2578125
642,1458,0.37890625
690,1458,-2.0
1455,1458,0.7109375
643,1459,0.39453125
691,1459,-2.0
1456,1459,0.484375
644,1460,-0.2265625
692,1460,-2.0
1457,1460,0.546875
645,1461,0.30078125
693,1461,-2.0
1458,1461,-0.0546875
646,1462,-0.16015625
694,1462,-2.0
1459,1462,0.515625
647,1463,0.26953125
695,1463,-2.0
1460,1463,0.578125
648,1464,-0.265625
696,1464,-2.0
1461,1464,0.4453125
649,1465,0.16015625
697,1465,-2.0
1462,1465,-0.796875
650,1466,-0.0703125
698,1466,-2.0
1463,1466,-0.3828125
651,1467,-0.1484375
699,1467,-2.0
1464,1467,0.734375
652,1468,-0.3203125
700,1468,-2.0
1465,1468,-0.8359375
653,1469,0.02734375
701,1469,-2.0
1466,1469,-0.921875
654,1470,0.35546875
702,1470,-2.0
1467,1470,0.328125
655,1471,0.4296875
703,1471,-2.0
1468,1471,-0.84375
656,1472,0.10546875
704,1472,-2.0
1469,1472,-0.1484375
657,1473,0.17578125
705,1473,-2.0
1470,1473,0.2265625
658,1474,-0.08984375
706,1474,-2.0
1471,1474,-0.7734375
659,1475,0.05078125
707,1475,-2.0
1472,1475,0.25
660,1476,-0.1484375
708,1476,-2.0
1473,1476,0.21875
661,1477,0.265625
709,1477,-2.0
1474,1477,-0.546875
662,1478,-0.25
710,1478,-2.0
1475,1478,0.125
663,1479,0.28125
711,1479,-2.0
1476,1479,0.390625
664,1480,-0.265625
712,1480,-2.0
1477,1480,0.828125
665,1481,0.47265625
713,1481,-2.0
1478,1481,0.3828125
666,1482,-0.36328125
714,1482,-2.0
1479,1482,0.3359375
667,1483,0.41796875
715,1483,-2.0
1480,1483,0.2890625
668,1484,-0.21875
716,1484,-2.0
1481,1484,-0.5234375
669,1485,-0.05859375
717,1485,-2.0
1482,1485,-0.5625
670,1486,-0.140625
718,1486,-2.0
1483,1486,-0.78125
671,1487,0.3359375
719,1487,-2.0
1484,1487,-0.09375
0,1488,-0.2109375
672,1488,-0.2734375
720,1488,-2.0
1,1489,-0.30078125
673,1489,-0.31640625
721,1489,-2.0
2,1490,0.2109375
674,1490,-0.015625
722,1490,-2.0
3,1491,0.44140625
675,1491,-0.125
723,1491,-2.0
1488,1491,0.875
4,1492,-0.22265625
676,1492,-0.28125
724,1492,-2.0
1489,1492,-0.1171875
5,1493,0.2734375
677,1493,0.125
725,1493,-2.0
1490,1493,0.53125
6,1494,0.1484375
678,1494,0.33984375
726,1494,-2.0
1491,1494,-0.21875
7,1495,-0.3828125
679,1495,0.1796875
727,1495,-2.0
1492,1495,-0.3359375
8,1496,0.37109375
680,1496,-0.078125
728,1496,-2.0
1493,1496,-0.25
9,1497,-0.34375
681,1497,-0.47265625
729,1497,-2.0
1494,1497,0.1484375
10,1498,-0.0859375
682,1498,-0.44140625
730,1498,-2.0
1495,1498,0.3359375
11,1499,0.25
683,1499,-0.02734375
731,1499,-2.0
1496,1499,0.78125
12,1500,0.4296875
684,1500,0.48828125
732,1500,-2.0
1497,1500,0.5859375
13,1501,0.28125
685,1501,-0.03125
733,1501,-2.0
1498,1501,-0.53125
14,1502,0.01171875
686,1502,0.29296875
734,1502,-2.0
1499,1502,0.953125
15,1503,-0.45703125
687,1503,0.0625
735,1503,-2.0
1500,1503,-0.984375
16,1504,-0.2890625
688,1504,-0.34765625
736,1504,-2.0
1501,1504,0.4375
17,1505,-0.37890625
689,1505,-0.03515625
737,1505,-2.0
1502,1505,0.578125
18,1506,0.36328125
690,1506,-0.2109375
738,1506,-2.0
1503,1506,0.953125
19,1507,-0.30859375
691,1507,-0.38671875
739,1507,-2.0
1504,1507,-0.109375
20,1508,-0.484375
692,1508,0.3515625
740,1508,-2.0
1505,1508,-0.5859375
21,1509,-0.02734375
693,1509,-0.328125
741,1509,-2.0
1506,1509,-0.484375
22,1510,-0.33203125
694,1510,0.07421875
742,1510,-2.0
1507,1510,-0.8125
23,1511,-0.48828125
695,1511,-0.25
743,1511,-2.0
1508,1511,0.8203125
24,1512,0.1015625
696,1512,0.05859375
744,1512,-2.0
1509,1512,0.3125
25,1513,0.296875
697,1513,-0.19921875
745,1513,-2.0
1510,1513,0.03125
26,1514,-0.10546875
698,1514,-0.03125
746,1514,-2.0
1511,1514,-0.0078125
27,1515,0.078125
699,1515,0.0078125
747,1515,-2.0
1512,1515,-0.9609375
28,1516,-0.38671875
700,1516,-0.1015625
748,1516,-2.0
1513,1516,-0.390625
29,1517,0.17578125
701,1517,0.1171875
749,1517,-2.0
1514,1517,1.0
30,1518,-0.04296875
702,1518,0.3671875
750,1518,-2.0
1515,1518,0.7421875
31,1519,-0.49609375
703,1519,0.2734375
751,1519,-2.0
1516,1519,-0.0625
32,1520,0.17578125
704,1520,0.05078125
752,1520,-2.0
1517,1520,-0.84375
33,1521,0.12890625
705,1521,-0.1171875
753,1521,-2.0
1518,1521,0.6328125
34,1522,-0.29296875
706,1522,0.2265625
754,1522,-2.0
1519,1522,-0.0859375
35,1523,-0.0078125
707,1523,0.25
755,1523,-2.0
1520,1523,-0.4140625
36,1524,0.27734375
708,1524,0.046875
756,1524,-2.0
1521,1524,0.953125
37,1525,-0.4765625
709,1525,0.04296875
757,1525,-2.0
1522,1525,0.8984375
38,1526,0.30078125
710,1526,0.16015625
758,1526,-2.0
1523,1526,-0.921875
39,1527,-0.38671875
711,1527,-0.14453125
759,1527,-2.0
1524,1527,-0.9375
40,1528,0.25390625
712,1528,0.3828125
760,1528,-2.0
1525,1528,-0.7734375
41,1529,0.1875
713,1529,0.09375
761,1529,-2.0
1526,1529,0.59375
42,1530,-0.0625
714,1530,0.31640625
762,1530,-2.0
1527,1530,-0.9453125
43,1531,-0.03515625
715,1531,0.32421875
763,1531,-2.0
1528,1531,0.7578125
44,1532,-0.05078125
716,1532,0.015625
764,1532,-2.0
1529,1532,0.28125
45,1533,0.38671875
717,1533,0.3671875
765,1533,-2.0
1530,1533,0.15625
46,1534,0.32421875
718,1534,0.14453125
766,1534,-2.0
1531,1534,0.5546875
47,1535,0.4140625
719,1535,-0.33203125
767,1535,-2.0
1532,1535,0.015625
