0,1,-0.5703125
1,2,-0.1015625
2,3,0.9375
4,5,-0.21875
5,6,-0.59375
6,7,0.9296875
8,9,0.140625
9,10,-0.25
10,11,-0.2578125
12,13,-0.125
13,14,0.828125
14,15,0.296875
16,17,-0.609375
17,18,-0.234375
18,19,0.8046875
20,21,0.8984375
21,22,0.015625
22,23,0.7578125
24,25,-0.2734375
25,26,0.3984375
26,27,-0.8203125
28,29,0.328125
29,30,-0.3203125
30,31,-0.5
0,32,-0.921875
1,33,-0.046875
2,34,-0.0078125
3,35,-0.2265625
4,36,-0.5625
33,36,0.78125
5,37,0.671875
6,38,-0.375
33,38,0.0390625
35,38,-0.796875
7,39,-0.734375
8,40,-0.859375
37,40,0.1953125
9,41,0.1875
10,42,0.4921875
37,42,-0.796875
39,42,0.65625
11,43,0.0859375
12,44,-0.5390625
41,44,0.8203125
13,45,0.3125
14,46,0.15625
41,46,0.9375
43,46,0.6015625
15,47,0.3515625
16,48,-0.4765625
45,48,0.9921875
17,49,0.625
18,50,0.125
45,50,0.6015625
47,50,-0.6953125
19,51,0.4453125
20,52,-0.390625
49,52,0.3359375
21,53,-0.25
22,54,0.671875
49,54,0.640625
51,54,-0.1875
23,55,-0.2109375
24,56,0.59375
53,56,-0.7734375
25,57,-0.515625
26,58,0.421875
53,58,0.6875
55,58,0.7109375
27,59,-0.5546875
28,60,-0.2734375
57,60,0.7109375
29,61,0.1796875
32,61,0.4453125
34,61,0.5234375
30,62,0.8203125
57,62,-0.2578125
59,62,0.0390625
31,63,-0.625
34,63,-0.3359375
32,64,-0.2265625
33,65,0.0625
64,65,0.546875
34,66,-0.7578125
65,66,-0.5078125
35,67,-0.0625
66,67,0.8828125
36,68,-0.90625
37,69,-0.4765625
68,69,0.3671875
38,70,0.359375
69,70,0.28125
39,71,-0.390625
70,71,0.6484375
40,72,-0.8828125
41,73,0.421875
72,73,0.7109375
42,74,0.234375
73,74,-0.6484375
43,75,0.6953125
74,75,-0.328125
44,76,0.8671875
45,77,0.265625
76,77,-0.9140625
46,78,-0.0234375
77,78,-0.796875
47,79,-0.8515625
78,79,-0.15625
48,80,-0.90625
49,81,0.40625
80,81,0.96875
50,82,0.4921875
81,82,-0.2578125
51,83,-0.734375
82,83,-0.265625
52,84,-0.984375
53,85,0.1484375
84,85,0.265625
54,86,0.7109375
85,86,0.7890625
55,87,0.1328125
86,87,-0.9921875
56,88,-0.609375
57,89,0.9375
88,89,0.8125
58,90,0.5546875
89,90,-0.8359375
59,91,0.2265625
90,91,-0.34375
60,92,0.6640625
61,93,-0.28125
92,93,-0.7734375
62,94,0.8125
93,94,-0.625
63,95,0.2265625
94,95,0.6015625
64,96,-0.4296875
65,97,0.578125
66,98,0.6640625
67,99,-0.4453125
68,100,-0.3046875
97,100,0.21875
69,101,0.1171875
70,102,-0.8125
97,102,0.984375
99,102,0.9140625
71,103,-0.7265625
72,104,-0.4140625
101,104,-0.71875
73,105,0.8984375
74,106,-0.78125
101,106,0.890625
103,106,-0.109375
75,107,0.28125
76,108,-0.53125
105,108,-0.046875
77,109,0.8515625
78,110,-0.625
105,110,-0.46875
107,110,0.8828125
79,111,-0.6328125
80,112,-0.84375
109,112,-0.09375
81,113,0.4296875
82,114,0.2734375
109,114,0.515625
111,114,0.5390625
83,115,0.8984375
84,116,0.2265625
113,116,-0.84375
85,117,-0.6875
86,118,0.4765625
113,118,-0.6640625
115,118,-0.15625
87,119,-0.0703125
88,120,0.0859375
117,120,0.453125
89,121,-0.59375
90,122,0.609375
117,122,-0.25
119,122,-0.859375
91,123,0.484375
92,124,0.8515625
121,124,0.140625
93,125,0.671875
96,125,-0.3515625
98,125,-0.328125
94,126,0.5
121,126,-0.9765625
123,126,0.3828125
95,127,-0.53125
98,127,-0.6640625
96,128,-0.4765625
97,129,0.9453125
128,129,0.28125
98,130,-0.953125
129,130,0.5390625
99,131,-0.6640625
130,131,-0.9296875
100,132,0.4921875
101,133,0.0078125
132,133,-0.375
102,134,0.5390625
133,134,0.890625
103,135,-0.8125
134,135,0.2734375
104,136,0.8203125
105,137,-0.953125
136,137,-0.6328125
106,138,0.03125
137,138,-0.609375
107,139,-0.4140625
138,139,0.1875
108,140,0.3828125
109,141,0.828125
140,141,0.3203125
110,142,0.5859375
141,142,0.0859375
111,143,0.296875
142,143,-0.5546875
112,144,0.21875
113,145,0.21875
144,145,0.75
114,146,0.5703125
145,146,0.703125
115,147,0.84375
146,147,-0.671875
116,148,-0.75
117,149,0.140625
148,149,0.3671875
118,150,0.96875
149,150,-0.078125
119,151,-0.78125
150,151,0.4921875
120,152,0.921875
121,153,0.5546875
152,153,0.90625
122,154,-0.5625
153,154,-0.953125
123,155,0.203125
154,155,-0.8984375
124,156,-0.25
125,157,0.8515625
156,157,-0.1015625
126,158,-0.3125
157,158,-0.515625
127,159,0.6953125
158,159,-0.0546875
128,160,-0.3359375
129,161,-0.203125
130,162,0.453125
131,163,-0.0859375
132,164,0.2734375
161,164,-0.34375
133,165,0.34375
134,166,-0.5390625
161,166,-0.703125
163,166,-0.2734375
135,167,0.5234375
136,168,0.8203125
165,168,0.2578125
137,169,0.140625
138,170,0.4765625
165,170,0.0078125
167,170,0.6171875
139,171,-0.421875
140,172,0.84375
169,172,-0.609375
141,173,-0.4296875
142,174,-0.4375
169,174,0.6953125
171,174,-0.7109375
143,175,-0.859375
144,176,-0.9296875
173,176,-0.0078125
145,177,0.0390625
146,178,0.7578125
173,178,-0.1796875
175,178,0.46875
147,179,-0.8984375
148,180,-0.09375
177,180,0.2890625
149,181,0.2109375
150,182,-0.5390625
177,182,-0.3828125
179,182,0.6640625
151,183,-0.7578125
152,184,0.46875
181,184,0.2109375
153,185,0.5546875
154,186,0.84375
181,186,-0.4375
183,186,0.84375
155,187,-0.0234375
156,188,-0.5390625
185,188,0.140625
157,189,-0.0703125
160,189,0.6484375
162,189,-0.734375
158,190,-0.046875
185,190,-0.4453125
187,190,-0.7265625
159,191,0.7109375
162,191,-0.359375
160,192,-0.265625
161,193,0.421875
192,193,0.953125
162,194,0.046875
193,194,0.921875
163,195,0.890625
194,195,0.09375
164,196,0.1796875
165,197,-0.8515625
196,197,-0.59375
166,198,0.8515625
197,198,0.5703125
167,199,-0.53125
198,199,0.3125
168,200,-0.9296875
169,201,-0.734375
200,201,0.734375
170,202,-0.40625
201,202,0.59375
171,203,0.9453125
202,203,0.640625
172,204,0.3125
173,205,-0.1328125
204,205,0.796875
174,206,-0.9453125
205,206,0.5625
175,207,-0.9765625
206,207,-0.8125
176,208,-0.296875
177,209,-0.9296875
208,209,-0.5234375
178,210,0.96875
209,210,0.1171875
179,211,-0.2109375
210,211,-0.4375
180,212,0.4921875
181,213,-0.84375
212,213,-0.2890625
182,214,0.0703125
213,214,-0.7421875
183,215,-0.6875
214,215,-0.21875
184,216,-0.734375
185,217,-0.6640625
216,217,0.3984375
186,218,-0.53125
217,218,0.2421875
187,219,-0.7421875
218,219,0.6875
188,220,-0.28125
189,221,-0.984375
220,221,0.2421875
190,222,-0.390625
221,222,-0.078125
191,223,-0.8203125
222,223,0.0625
192,224,-0.15625
193,225,-0.90625
194,226,0.2578125
195,227,-0.59375
196,228,0.6875
225,228,-0.109375
197,229,-0.4609375
198,230,0.5546875
225,230,-0.90625
227,230,-0.671875
199,231,-0.15625
200,232,-0.40625
229,232,-0.359375
201,233,-0.1953125
202,234,-0.796875
229,234,0.6875
231,234,0.4453125
203,235,0.390625
204,236,-0.9765625
233,236,-0.2109375
205,237,0.3359375
206,238,0.1640625
233,238,0.59375
235,238,0.125
207,239,-0.265625
208,240,-0.640625
237,240,-0.21875
209,241,-0.0546875
210,242,-0.96875
237,242,0.640625
239,242,0.3125
211,243,-0.21875
212,244,0.3984375
241,244,0.25
213,245,0.140625
214,246,-0.2734375
241,246,0.9609375
243,246,-0.0859375
215,247,-0.328125
216,248,-0.46875
245,248,-0.1796875
217,249,0.7890625
218,250,-0.5625
245,250,0.25
247,250,0.1875
219,251,0.84375
220,252,0.796875
249,252,0.0625
221,253,0.0625
224,253,-0.140625
226,253,-0.203125
222,254,-0.609375
249,254,0.859375
251,254,-0.671875
223,255,0.25
226,255,0.359375
224,256,-1.0
225,257,-0.984375
256,257,-0.3828125
226,258,-0.6640625
257,258,-0.703125
227,259,-0.9140625
258,259,0.296875
228,260,-0.3359375
229,261,-0.0390625
260,261,0.7578125
230,262,-0.3984375
261,262,0.1015625
231,263,0.7421875
262,263,0.890625
232,264,-0.390625
233,265,0.2890625
264,265,0.3984375
234,266,0.03125
265,266,-0.8203125
235,267,0.7734375
266,267,0.78125
236,268,0.7265625
237,269,-0.0390625
268,269,-0.3046875
238,270,0.78125
269,270,-0.078125
239,271,0.71875
270,271,-0.9453125
240,272,-0.515625
241,273,-0.8984375
272,273,-0.7265625
242,274,0.484375
273,274,0.125
243,275,0.03125
274,275,-0.3359375
244,276,0.6953125
245,277,0.75
276,277,0.671875
246,278,0.9375
277,278,0.796875
247,279,-0.4375
278,279,-0.2890625
248,280,0.625
249,281,0.234375
280,281,0.84375
250,282,-0.9296875
281,282,-0.9140625
251,283,0.4140625
282,283,0.859375
252,284,-0.6875
253,285,0.0078125
284,285,-1.0
254,286,-0.1875
285,286,-0.09375
255,287,-0.546875
286,287,-0.84375
256,288,0.1796875
257,289,-0.6640625
258,290,-0.421875
259,291,1.0
260,292,-0.90625
289,292,-0.46875
261,293,-0.609375
262,294,0.953125
289,294,0.46875
291,294,0.9296875
263,295,0.015625
264,296,-0.78125
293,296,0.9140625
265,297,-0.296875
266,298,-0.421875
293,298,0.125
295,298,-0.296875
267,299,-0.78125
268,300,0.6328125
297,300,-0.953125
269,301,-0.390625
270,302,-0.6796875
297,302,-0.625
299,302,0.390625
271,303,-0.3046875
272,304,-0.0859375
301,304,-0.890625
273,305,-0.2890625
274,306,-0.984375
301,306,-0.5859375
303,306,-0.8515625
275,307,0.2109375
276,308,0.6796875
305,308,-0.4609375
277,309,0.625
278,310,-0.984375
305,310,-0.875
307,310,-0.328125
279,311,0.4765625
280,312,-0.4609375
309,312,-0.484375
281,313,-0.453125
282,314,-0.375
309,314,-0.6875
311,314,0.3046875
283,315,-0.921875
284,316,-0.015625
313,316,-0.078125
285,317,-0.8046875
288,317,0.3671875
290,317,-0.6171875
286,318,0.8359375
313,318,0.1953125
315,318,0.3671875
287,319,0.8984375
290,319,-0.921875
288,320,-0.3046875
289,321,-0.7734375
320,321,-0.3828125
290,322,-0.4296875
321,322,0.2421875
291,323,-0.28125
322,323,-0.9453125
292,324,0.8515625
293,325,0.546875
324,325,-0.2734375
294,326,0.96875
325,326,0.84375
295,327,0.0546875
326,327,-0.0546875
296,328,-0.5703125
297,329,-0.125
328,329,-0.734375
298,330,-0.9765625
329,330,0.8515625
299,331,-0.25
330,331,0.8359375
300,332,-0.765625
301,333,-0.1171875
332,333,-0.1796875
302,334,-0.6328125
333,334,-0.3125
303,335,-0.1484375
334,335,-0.578125
304,336,-0.703125
305,337,-0.8828125
336,337,0.96875
306,338,0.515625
337,338,-0.9375
307,339,1.0
338,339,0.2890625
308,340,-0.2421875
309,341,-0.5703125
340,341,-0.4453125
310,342,0.9609375
341,342,-0.4296875
311,343,-0.8125
342,343,0.6875
312,344,0.546875
313,345,-0.9140625
344,345,1.0
314,346,-0.09375
345,346,0.6015625
315,347,-0.8046875
346,347,-0.0234375
316,348,0.0078125
317,349,-0.9453125
348,349,-0.3125
318,350,0.03125
349,350,0.1328125
319,351,0.6640625
350,351,-0.71875
320,352,-0.78125
321,353,-1.0
322,354,-0.9609375
323,355,-0.7265625
324,356,-0.90625
353,356,-0.3359375
325,357,-0.640625
326,358,0.84375
353,358,0.3359375
355,358,0.375
327,359,-0.1484375
328,360,-0.921875
357,360,-0.8671875
329,361,0.3671875
330,362,-0.7421875
357,362,-0.625
359,362,-0.3203125
331,363,0.15625
332,364,-0.765625
361,364,-0.96875
333,365,-0.359375
334,366,0.3671875
361,366,0.1796875
363,366,-0.1015625
335,367,-0.75
336,368,-0.453125
365,368,0.5859375
337,369,-0.484375
338,370,-0.03125
365,370,0.609375
367,370,-0.84375
339,371,0.765625
340,372,0.0390625
369,372,0.75
341,373,-0.2734375
342,374,-0.84375
369,374,0.453125
371,374,-0.59375
343,375,0.859375
344,376,-0.28125
373,376,-0.1171875
345,377,-0.3359375
346,378,-0.0859375
373,378,0.6796875
375,378,-0.3671875
347,379,-0.296875
348,380,0.5703125
377,380,0.21875
349,381,-0.9609375
352,381,-0.5078125
354,381,0.734375
350,382,0.875
377,382,0.2265625
379,382,-0.953125
351,383,-0.25
354,383,0.796875
352,384,-0.4453125
353,385,0.28125
384,385,0.8671875
354,386,-0.0234375
385,386,0.7734375
355,387,-0.7421875
386,387,0.234375
356,388,-0.234375
357,389,-0.25
388,389,0.7578125
358,390,0.734375
389,390,-0.421875
359,391,-0.015625
390,391,-0.6640625
360,392,0.796875
361,393,-0.1640625
392,393,0.1484375
362,394,0.1953125
393,394,-0.1484375
363,395,-0.5078125
394,395,-0.625
364,396,0.8046875
365,397,-0.6953125
396,397,0.046875
366,398,0.28125
397,398,-0.4921875
367,399,-0.3984375
398,399,-0.1796875
368,400,0.828125
369,401,-0.703125
400,401,0.109375
370,402,0.796875
401,402,0.2421875
371,403,-0.9140625
402,403,-0.4375
372,404,0.875
373,405,-0.3671875
404,405,0.578125
374,406,-0.5625
405,406,0.5546875
375,407,-0.1015625
406,407,-0.2109375
376,408,0.2890625
377,409,-0.8671875
408,409,-0.5390625
378,410,0.484375
409,410,-0.2265625
379,411,0.171875
410,411,-0.2734375
380,412,-0.34375
381,413,0.265625
412,413,0.5625
382,414,0.359375
413,414,0.34375
383,415,-0.953125
414,415,-0.5390625
384,416,0.515625
385,417,-0.5859375
386,418,-0.59375
387,419,-0.5625
388,420,0.09375
417,420,0.96875
389,421,-0.015625
390,422,-0.578125
417,422,0.1015625
419,422,0.53125
391,423,-0.7265625
392,424,-0.7578125
421,424,-0.0078125
393,425,-0.25
394,426,-0.546875
421,426,-0.3203125
423,426,0.2421875
395,427,-0.6015625
396,428,-0.078125
425,428,-0.8984375
397,429,-0.2578125
398,430,0.0234375
425,430,0.703125
427,430,0.0703125
399,431,-0.578125
400,432,0.046875
429,432,-0.203125
401,433,-0.7265625
402,434,0.71875
429,434,-0.53125
431,434,0.5390625
403,435,-0.0859375
404,436,0.453125
433,436,0.890625
405,437,-0.5703125
406,438,-0.734375
433,438,-0.171875
435,438,-0.8671875
407,439,-0.3828125
408,440,-0.0234375
437,440,-0.0859375
409,441,0.875
410,442,-0.0859375
437,442,-0.25
439,442,-0.28125
411,443,-0.5234375
412,444,-0.6328125
441,444,-0.375
413,445,-0.546875
416,445,-0.9296875
418,445,0.203125
414,446,-0.4296875
441,446,0.75
443,446,-0.2578125
415,447,0.5859375
418,447,0.6015625
416,448,0.6796875
417,449,-0.359375
448,449,0.2421875
418,450,0.5078125
449,450,0.9375
419,451,0.1875
450,451,-0.203125
420,452,-0.8359375
421,453,0.125
452,453,0.078125
422,454,-0.421875
453,454,-0.46875
423,455,0.1875
454,455,0.1796875
424,456,0.5703125
425,457,0.5078125
456,457,0.703125
426,458,-0.890625
457,458,0.6328125
427,459,0.078125
458,459,0.1171875
428,460,0.859375
429,461,0.734375
460,461,-0.140625
430,462,0.0859375
461,462,-0.6796875
431,463,0.828125
462,463,0.71875
432,464,0.359375
433,465,0.3125
464,465,-0.84375
434,466,0.703125
465,466,-0.703125
435,467,-0.171875
466,467,-0.0625
436,468,-0.96875
437,469,-0.7109375
468,469,-0.828125
438,470,0.0390625
469,470,-0.65625
439,471,-0.703125
470,471,-0.0546875
440,472,0.765625
441,473,0.234375
472,473,0.6796875
442,474,0.4921875
473,474,-1.0
443,475,0.3125
474,475,-0.6328125
444,476,-0.359375
445,477,0.4375
476,477,-0.2265625
446,478,-0.7265625
477,478,-0.921875
447,479,0.046875
478,479,-0.265625
448,480,0.59375
449,481,-0.796875
450,482,-0.2109375
451,483,-0.703125
452,484,-0.34375
481,484,0.6640625
453,485,0.5859375
454,486,0.703125
481,486,-0.484375
483,486,0.2265625
455,487,0.6328125
456,488,-0.125
485,488,-0.4609375
457,489,-0.34375
458,490,0.5234375
485,490,0.3359375
487,490,0.90625
459,491,-0.0625
460,492,-0.3046875
489,492,0.2734375
461,493,0.953125
462,494,-0.109375
489,494,-0.8046875
491,494,0.484375
463,495,0.15625
464,496,0.1796875
493,496,0.5859375
465,497,0.296875
466,498,0.9609375
493,498,0.640625
495,498,0.1328125
467,499,-0.1796875
468,500,-0.6484375
497,500,-0.6796875
469,501,0.265625
470,502,0.125
497,502,-0.7109375
499,502,0.1796875
471,503,0.453125
472,504,-0.84375
501,504,0.3359375
473,505,-0.71875
474,506,-0.1328125
501,506,-0.6328125
503,506,0.546875
475,507,0.484375
476,508,-0.3828125
505,508,0.90625
477,509,0.9375
480,509,0.359375
482,509,0.7734375
478,510,-0.40625
505,510,0.0234375
507,510,0.59375
479,511,0.46875
482,511,-0.8359375
480,512,-0.125
481,513,-0.1875
512,513,-0.78125
482,514,-0.2890625
513,514,0.890625
483,515,0.5390625
514,515,-0.21875
484,516,-0.1015625
485,517,-0.46875
516,517,-0.1875
486,518,0.46875
517,518,0.0625
487,519,0.2734375
518,519,0.734375
488,520,0.7578125
489,521,0.7734375
520,521,-0.6328125
490,522,-0.5546875
521,522,0.203125
491,523,-0.5703125
522,523,-0.4375
492,524,0.15625
493,525,-0.1796875
524,525,-0.4296875
494,526,0.515625
525,526,-0.921875
495,527,0.5234375
526,527,0.7578125
496,528,-0.3984375
497,529,-0.0078125
528,529,0.1328125
498,530,-0.140625
529,530,-0.6953125
499,531,0.1796875
530,531,-0.46875
500,532,-0.2734375
501,533,-0.5
532,533,-0.0625
502,534,0.3125
533,534,0.140625
503,535,0.4921875
534,535,0.2109375
504,536,0.0078125
505,537,-0.359375
536,537,-0.390625
506,538,-0.28125
537,538,0.3359375
507,539,0.3125
538,539,-0.5703125
508,540,0.921875
509,541,-0.625
540,541,0.9609375
510,542,0.65625
541,542,0.5625
511,543,0.84375
542,543,0.0625
512,544,0.2578125
513,545,-0.8515625
514,546,-0.8359375
515,547,0.4375
516,548,1.0
545,548,-0.1484375
517,549,0.96875
518,550,0.7734375
545,550,0.3125
547,550,0.8515625
519,551,-0.8203125
520,552,0.765625
549,552,0.9921875
521,553,0.5625
522,554,-0.640625
549,554,0.71875
551,554,-0.7578125
523,555,0.28125
524,556,-0.09375
553,556,-0.6953125
525,557,0.4140625
526,558,0.421875
553,558,-0.296875
555,558,-0.7578125
527,559,0.484375
528,560,0.8671875
557,560,1.0
529,561,-0.578125
530,562,-0.9296875
557,562,-0.890625
559,562,-0.4296875
531,563,0.4453125
532,564,0.0703125
561,564,0.8046875
533,565,0.2109375
534,566,0.1015625
561,566,0.078125
563,566,0.4140625
535,567,0.7265625
536,568,0.5703125
565,568,0.109375
537,569,0.1953125
538,570,0.6953125
565,570,-0.1953125
567,570,0.453125
539,571,-0.6328125
540,572,-0.84375
569,572,0.65625
541,573,-0.3359375
544,573,0.7578125
546,573,-0.53125
542,574,-0.71875
569,574,-0.7421875
571,574,0.0546875
543,575,0.703125
546,575,-0.28125
544,576,0.328125
545,577,-0.9765625
576,577,0.1484375
546,578,-0.203125
577,578,0.5625
547,579,-0.125
578,579,0.890625
548,580,0.3125
549,581,0.421875
580,581,-0.9140625
550,582,0.3125
581,582,-0.8984375
551,583,0.515625
582,583,-0.09375
552,584,-0.1796875
553,585,0.046875
584,585,0.59375
554,586,-0.9609375
585,586,0.5546875
555,587,-0.8359375
586,587,-0.96875
556,588,0.6640625
557,589,-0.2109375
588,589,0.8671875
558,590,-0.421875
589,590,0.9765625
559,591,0.9296875
590,591,0.15625
560,592,-0.7578125
561,593,-0.1953125
592,593,0.4453125
562,594,-0.3515625
593,594,0.3125
563,595,-0.03125
594,595,0.1640625
564,596,0.78125
565,597,0.359375
596,597,-0.03125
566,598,-0.1484375
597,598,0.3828125
567,599,-0.71875
598,599,-0.6796875
568,600,0.6328125
569,601,0.9296875
600,601,-0.4765625
570,602,0.171875
601,602,-0.6953125
571,603,-0.1796875
602,603,0.25
572,604,-0.625
573,605,0.5859375
604,605,0.3984375
574,606,-0.5625
605,606,-0.3515625
575,607,-0.859375
606,607,-0.59375
576,608,-0.265625
577,609,0.28125
578,610,0.875
579,611,0.3203125
580,612,0.7265625
609,612,-0.3515625
581,613,-0.8359375
582,614,0.15625
609,614,0.15625
611,614,0.109375
583,615,-0.1953125
584,616,0.578125
613,616,0.2109375
585,617,0.96875
586,618,0.9296875
613,618,-0.6328125
615,618,0.8671875
587,619,-0.9765625
588,620,0.4453125
617,620,0.46875
589,621,-0.8046875
590,622,0.9375
617,622,0.7734375
619,622,-0.6953125
591,623,-0.46875
592,624,-0.234375
621,624,0.90625
593,625,-0.609375
594,626,-0.96875
621,626,0.09375
623,626,-0.828125
595,627,-0.0625
596,628,-0.578125
625,628,-0.3515625
597,629,0.8046875
598,630,-0.5
625,630,0.3203125
627,630,-0.21875
599,631,-0.234375
600,632,0.2734375
629,632,-0.0546875
601,633,0.96875
602,634,1.0
629,634,-0.1640625
631,634,-0.9375
603,635,-0.5859375
604,636,-0.9453125
633,636,-0.796875
605,637,0.84375
608,637,0.09375
610,637,0.8359375
606,638,0.2890625
633,638,0.015625
635,638,-0.46875
607,639,0.9765625
610,639,0.1875
608,640,0.5703125
609,641,-0.5703125
640,641,-0.2890625
610,642,-0.125
641,642,0.5078125
611,643,-0.546875
642,643,-0.046875
612,644,0.640625
613,645,-0.171875
644,645,0.7109375
614,646,-0.6484375
645,646,-0.703125
615,647,-0.1953125
646,647,0.8203125
616,648,-0.3515625
617,649,0.78125
648,649,0.09375
618,650,0.828125
649,650,-0.8828125
619,651,0.9296875
650,651,0.09375
620,652,-0.375
621,653,0.3125
652,653,0.375
622,654,-0.1640625
653,654,-0.1875
623,655,0.1875
654,655,0.8046875
624,656,0.5
625,657,-0.5859375
656,657,-0.3828125
626,658,0.453125
657,658,0.0625
627,659,-0.8359375
658,659,0.6015625
628,660,0.1484375
629,661,0.6640625
660,661,0.5703125
630,662,-0.1484375
661,662,-0.046875
631,663,-0.9453125
662,663,0.4453125
632,664,-0.1328125
633,665,0.0546875
664,665,-0.8125
634,666,0.109375
665,666,0.5078125
635,667,-0.4765625
666,667,0.5234375
636,668,0.9296875
637,669,-0.6015625
668,669,0.2734375
638,670,0.578125
669,670,-0.28125
639,671,0.8671875
670,671,-0.578125
640,672,-0.796875
641,673,-0.421875
642,674,0.3828125
643,675,-0.7578125
644,676,-0.03125
673,676,-0.109375
645,677,-0.3046875
646,678,-0.6953125
673,678,0.6796875
675,678,0.515625
647,679,0.46875
648,680,-0.484375
677,680,-0.9609375
649,681,-0.578125
650,682,-0.765625
677,682,-0.6953125
679,682,0.703125
651,683,0.0390625
652,684,0.8828125
681,684,-0.59375
653,685,-0.3046875
654,686,0.859375
681,686,-0.359375
683,686,0.875
655,687,-0.421875
656,688,0.875
685,688,-0.0390625
657,689,-0.2578125
658,690,0.578125
685,690,-0.46875
687,690,-0.0546875
659,691,0.140625
660,692,0.1953125
689,692,0.046875
661,693,0.5234375
662,694,0.34375
689,694,-0.875
691,694,-0.6015625
663,695,-0.8359375
664,696,-0.3046875
693,696,0.2265625
665,697,0.109375
666,698,0.78125
693,698,-0.4609375
695,698,-0.6171875
667,699,-0.7578125
668,700,0.8828125
697,700,-0.2734375
669,701,0.0859375
672,701,0.84375
674,701,-0.109375
670,702,0.5
697,702,0.640625
699,702,0.7734375
671,703,-0.5
674,703,0.4765625
672,704,-0.3828125
673,705,-0.6015625
704,705,-0.015625
674,706,0.0390625
705,706,0.921875
675,707,-0.3046875
706,707,0.65625
676,708,-0.03125
677,709,0.6015625
708,709,-0.4140625
678,710,0.5546875
709,710,-0.765625
679,711,0.6875
710,711,0.8359375
680,712,-0.5625
681,713,-0.1796875
712,713,-0.1640625
682,714,-0.2265625
713,714,-0.1171875
683,715,0.6875
714,715,-0.9296875
684,716,-0.625
685,717,-0.9609375
716,717,-0.1171875
686,718,-0.6953125
717,718,0.453125
687,719,0.4453125
718,719,-0.9609375
688,720,0.515625
689,721,-0.8046875
720,721,0.6953125
690,722,0.4375
721,722,-0.3515625
691,723,0.1640625
722,723,0.25
692,724,0.8359375
693,725,0.109375
724,725,0.7890625
694,726,-0.078125
725,726,0.4453125
695,727,0.5390625
726,727,0.75
696,728,-0.2421875
697,729,0.625
728,729,0.2890625
698,730,-0.8828125
729,730,-0.171875
699,731,0.828125
730,731,0.625
700,732,0.109375
701,733,0.3046875
732,733,0.0703125
702,734,-0.171875
733,734,-0.5625
703,735,0.8359375
734,735,-0.0625
704,736,0.328125
705,737,-0.7890625
706,738,0.2421875
707,739,-0.546875
708,740,-0.40625
737,740,-0.5625
709,741,0.921875
710,742,0.1796875
737,742,-0.921875
739,742,-0.984375
711,743,0.4609375
712,744,0.90625
741,744,0.3984375
713,745,0.8203125
714,746,0.375
741,746,0.4921875
743,746,-0.2734375
715,747,-0.4140625
716,748,-0.4296875
745,748,-0.3671875
717,749,-0.1953125
718,750,-0.3515625
745,750,-0.8671875
747,750,0.953125
719,751,0.9609375
720,752,0.7734375
749,752,0.3515625
721,753,-0.75
722,754,0.359375
749,754,-0.21875
751,754,0.65625
723,755,0.8515625
724,756,0.28125
753,756,0.765625
725,757,0.2421875
726,758,0.6484375
753,758,-0.2109375
755,758,-0.0546875
727,759,-0.7421875
728,760,0.1328125
757,760,-0.2734375
729,761,-0.5
730,762,0.4765625
757,762,-0.421875
759,762,-0.5
731,763,-0.46875
732,764,0.2109375
761,764,-0.5625
733,765,-0.28125
736,765,-0.8046875
738,765,0.59375
734,766,-0.9375
761,766,0.7578125
763,766,0.6015625
735,767,0.03125
738,767,0.1796875
736,768,0.53125
737,769,0.6953125
768,769,-0.8828125
738,770,0.390625
769,770,-0.8046875
739,771,-0.390625
770,771,-0.6875
740,772,-0.9296875
741,773,0.1953125
772,773,-0.0546875
742,774,-0.609375
773,774,0.328125
743,775,0.671875
774,775,0.5234375
744,776,0.0390625
745,777,-0.671875
776,777,-0.296875
746,778,-0.9921875
777,778,-0.359375
747,779,-0.828125
778,779,-0.015625
748,780,-0.140625
749,781,-0.9609375
780,781,0.15625
750,782,-0.6796875
781,782,-0.296875
751,783,-0.15625
782,783,-0.1171875
752,784,0.734375
753,785,-0.421875
784,785,-0.6796875
754,786,-0.0859375
785,786,-0.125
755,787,-0.4375
786,787,-0.8828125
756,788,-0.78125
757,789,-0.5859375
788,789,1.0
758,790,-0.765625
789,790,-0.9375
759,791,0.015625
790,791,0.2265625
760,792,0.9296875
761,793,-0.3046875
792,793,0.8671875
762,794,0.71875
793,794,0.828125
763,795,-0.2265625
794,795,-0.5859375
764,796,0.703125
765,797,0.4296875
796,797,-0.171875
766,798,0.6875
797,798,0.8828125
767,799,-0.875
798,799,-0.5234375
768,800,0.1328125
769,801,0.2734375
770,802,-0.3125
771,803,0.3671875
772,804,-0.015625
801,804,-0.953125
773,805,0.15625
774,806,-0.75
801,806,0.5546875
803,806,0.6484375
775,807,0.59375
776,808,-0.796875
805,808,-0.84375
777,809,0.6484375
778,810,0.234375
805,810,0.265625
807,810,-0.8046875
779,811,-0.1328125
780,812,0.1015625
809,812,-0.71875
781,813,0.4453125
782,814,-0.5625
809,814,-0.6484375
811,814,0.3984375
783,815,0.953125
784,816,0.546875
813,816,0.4765625
785,817,0.3515625
786,818,0.609375
813,818,-0.890625
815,818,0.8828125
787,819,-0.9765625
788,820,0.328125
817,820,-0.609375
789,821,0.5
790,822,-0.5546875
817,822,-0.2421875
819,822,-0.59375
791,823,0.484375
792,824,-0.4375
821,824,-0.1015625
793,825,0.140625
794,826,-0.0234375
821,826,0.59375
823,826,-0.796875
795,827,-0.1171875
796,828,-0.65625
825,828,0.875
797,829,-0.2578125
800,829,0.859375
802,829,-0.203125
798,830,-0.71875
825,830,0.7265625
827,830,0.6796875
799,831,0.2578125
802,831,-0.3828125
800,832,0.2890625
801,833,-0.4765625
832,833,0.109375
802,834,0.0703125
833,834,0.6953125
803,835,-0.625
834,835,0.2109375
804,836,-0.984375
805,837,0.5390625
836,837,-0.4375
806,838,0.171875
837,838,0.25
807,839,-0.0234375
838,839,-0.0859375
808,840,-0.609375
809,841,-0.453125
840,841,-0.0703125
810,842,0.6171875
841,842,-0.7265625
811,843,-0.3359375
842,843,-0.3671875
812,844,0.453125
813,845,0.6640625
844,845,0.15625
814,846,0.46875
845,846,0.5703125
815,847,0.5703125
846,847,-0.7890625
816,848,-0.9375
817,849,0.8203125
848,849,0.53125
818,850,-0.9375
849,850,0.578125
819,851,-0.328125
850,851,-0.5703125
820,852,0.5234375
821,853,0.8125
852,853,-0.984375
822,854,0.5
853,854,-0.71875
823,855,-0.625
854,855,0.6328125
824,856,0.9140625
825,857,0.765625
856,857,0.8046875
826,858,0.5
857,858,-0.921875
827,859,0.234375
858,859,0.25
828,860,-0.1796875
829,861,-0.96875
860,861,-0.8671875
830,862,-0.5859375
861,862,-0.875
831,863,0.3984375
862,863,-0.359375
832,864,-0.0390625
833,865,0.4375
834,866,-0.3984375
835,867,0.8125
836,868,-0.125
865,868,0.890625
837,869,-0.015625
838,870,0.84375
865,870,0.453125
867,870,0.3515625
839,871,-0.046875
840,872,0.171875
869,872,0.96875
841,873,0.46875
842,874,-0.09375
869,874,-0.4375
871,874,-0.4140625
843,875,0.8828125
844,876,0.3359375
873,876,-0.71875
845,877,-0.1875
846,878,0.4609375
873,878,0.40625
875,878,0.703125
847,879,-0.7578125
848,880,0.2734375
877,880,-0.3984375
849,881,0.9609375
850,882,-0.6875
877,882,-0.78125
879,882,0.65625
851,883,0.53125
852,884,-0.515625
881,884,-0.625
853,885,0.4765625
854,886,0.265625
881,886,0.5078125
883,886,-0.4765625
855,887,-0.4609375
856,888,-0.625
885,888,0.8671875
857,889,-0.953125
858,890,-0.890625
885,890,-0.4140625
887,890,-0.5703125
859,891,0.3203125
860,892,-0.3515625
889,892,0.4921875
861,893,-0.4765625
864,893,-0.921875
866,893,-0.84375
862,894,-0.390625
889,894,-0.7265625
891,894,0.1484375
863,895,-0.9765625
866,895,0.53125
864,896,0.484375
865,897,-0.28125
896,897,0.53125
866,898,0.3359375
897,898,0.34375
867,899,0.078125
898,899,-0.7109375
868,900,0.484375
869,901,-0.046875
900,901,-0.890625
870,902,0.8125
901,902,0.6171875
871,903,-0.375
902,903,-0.3984375
872,904,0.8359375
873,905,-0.9609375
904,905,0.6953125
874,906,0.96875
905,906,0.2890625
875,907,-0.2109375
906,907,0.125
876,908,0.5703125
877,909,-0.65625
908,909,0.6328125
878,910,-0.8828125
909,910,0.2578125
879,911,-0.1484375
910,911,0.265625
880,912,0.4140625
881,913,0.5390625
912,913,-0.8046875
882,914,-0.7578125
913,914,-0.6640625
883,915,-0.03125
914,915,-0.6953125
884,916,0.6484375
885,917,0.8515625
916,917,0.140625
886,918,0.0703125
917,918,-0.171875
887,919,-0.5546875
918,919,-0.953125
888,920,0.8984375
889,921,0.4140625
920,921,-0.0625
890,922,-0.03125
921,922,-0.078125
891,923,-0.65625
922,923,0.1015625
892,924,-0.2578125
893,925,0.6640625
924,925,-0.4296875
894,926,-0.140625
925,926,-0.9375
895,927,0.5546875
926,927,0.46875
896,928,-0.9921875
897,929,0.25
898,930,0.875
899,931,0.9921875
900,932,-0.453125
929,932,-0.2890625
901,933,-0.75
902,934,-0.3984375
929,934,-0.1015625
931,934,0.7578125
903,935,-0.25
904,936,0.28125
933,936,-0.5
905,937,0.4609375
906,938,0.5859375
933,938,0.828125
935,938,-0.7578125
907,939,0.3203125
908,940,0.1875
937,940,0.9609375
909,941,-0.015625
910,942,0.53125
937,942,0.3671875
939,942,-0.0234375
911,943,0.5859375
912,944,0.1484375
941,944,-0.1875
913,945,0.6171875
914,946,-0.15625
941,946,0.3828125
943,946,-0.2578125
915,947,-0.2265625
916,948,-0.3984375
945,948,-0.265625
917,949,0.953125
918,950,-0.71875
945,950,-0.921875
947,950,-0.5546875
919,951,0.3359375
920,952,0.328125
949,952,0.7734375
921,953,-0.6875
922,954,0.515625
949,954,0.046875
951,954,-0.4609375
923,955,-0.890625
924,956,-0.0390625
953,956,-0.234375
925,957,0.7578125
928,957,0.3984375
930,957,-0.203125
926,958,0.8046875
953,958,0.90625
955,958,0.28125
927,959,0.3125
930,959,-0.96875
928,960,0.8359375
929,961,-0.6953125
960,961,0.9453125
930,962,0.3828125
961,962,-0.34375
931,963,0.6171875
962,963,-0.1875
932,964,0.671875
933,965,0.40625
964,965,-0.859375
934,966,0.2578125
965,966,-0.5234375
935,967,-0.7578125
966,967,0.03125
936,968,-0.8828125
937,969,0.5078125
968,969,0.0078125
938,970,-0.3671875
969,970,-0.8515625
939,971,0.40625
970,971,-0.109375
940,972,-0.546875
941,973,-0.8203125
972,973,-0.2890625
942,974,-0.21875
973,974,-0.1015625
943,975,0.59375
974,975,-0.1015625
944,976,-0.578125
945,977,0.359375
976,977,0.65625
946,978,0.6015625
977,978,0.625
947,979,0.515625
978,979,0.1640625
948,980,0.859375
949,981,0.125
980,981,-0.8359375
950,982,0.4921875
981,982,0.671875
951,983,-0.6171875
982,983,-0.9453125
952,984,-0.671875
953,985,-0.2890625
984,985,-0.9765625
954,986,-1.0
985,986,0.3984375
955,987,-0.3046875
986,987,-0.8203125
956,988,-0.6875
957,989,0.2109375
988,989,-0.875
958,990,0.4140625
989,990,0.4375
959,991,0.546875
990,991,-0.6640625
960,992,-0.1796875
961,993,-0.5546875
962,994,0.4453125
963,995,0.515625
964,996,-0.796875
993,996,-0.3515625
965,997,0.078125
966,998,-0.78125
993,998,-0.1640625
995,998,-0.1484375
967,999,-0.2890625
968,1000,-0.34375
997,1000,0.171875
969,1001,-0.4375
970,1002,0.390625
997,1002,-0.2421875
999,1002,-0.171875
971,1003,0.109375
972,1004,-0.3984375
1001,1004,-0.109375
973,1005,0.0625
974,1006,0.2578125
1001,1006,0.265625
1003,1006,0.96875
975,1007,0.3203125
976,1008,0.125
1005,1008,-0.3203125
977,1009,-0.9765625
978,1010,0.90625
1005,1010,-0.1484375
1007,1010,0.6171875
979,1011,-0.3671875
980,1012,-0.6328125
1009,1012,-0.828125
981,1013,-0.53125
982,1014,0.0234375
1009,1014,-0.21875
1011,1014,0.1875
983,1015,-0.078125
984,1016,-0.9453125
1013,1016,-0.2578125
985,1017,-0.984375
986,1018,-0.515625
1013,1018,0.6953125
1015,1018,0.71875
987,1019,0.6796875
988,1020,-0.7421875
1017,1020,-0.4765625
989,1021,0.4296875
992,1021,-0.7734375
994,1021,0.5859375
990,1022,-0.5859375
1017,1022,-0.09375
1019,1022,0.703125
991,1023,-0.953125
994,1023,-0.8828125
